,status,ensemble,tuw,list,dlr,GDACS_ID,equi7_grid_code,country,iso3,eventid,alertlevel,alertscore,fromdate,todate,geometry_url,report_url,details_url,geometry
0,Processed,0.0,12.0696,0.4868,0.6528,FL-1000053,EU020M,France,FRA,1000053,Green,1,2017-02-14T00:00:00,2017-02-15T00:00:00,https://www.gdacs.org/gdacsapi/api/polygons/getgeometry?eventtype=FL&eventid=1000053&episodeid=1,https://www.gdacs.org/report.aspx?eventid=1000053&episodeid=1&eventtype=FL,https://www.gdacs.org/gdacsapi/api/events/geteventdata?eventtype=FL&eventid=1000053,"{'type': 'Point', 'coordinates': [2.448, 43.091]}"
1,Processed,9.2384,29.3576,15.5244,47.9384,FL-1000096,EU020M,France,FRA,1000096,Green,1,2017-06-13T00:00:00,2017-06-14T00:00:00,https://www.gdacs.org/gdacsapi/api/polygons/getgeometry?eventtype=FL&eventid=1000096&episodeid=1,https://www.gdacs.org/report.aspx?eventid=1000096&episodeid=1&eventtype=FL,https://www.gdacs.org/gdacsapi/api/events/geteventdata?eventtype=FL&eventid=1000096,"{'type': 'Point', 'coordinates': [3.799, 45.142]}"
2,Processed,63.7504,106.8164,170.328,225.2212,FL-1000119,EU020M,Germany,DEU,1000119,Green,1,2017-07-19T00:00:00,2017-07-21T00:00:00,https://www.gdacs.org/gdacsapi/api/polygons/getgeometry?eventtype=FL&eventid=1000119&episodeid=2,https://www.gdacs.org/report.aspx?eventid=1000119&episodeid=2&eventtype=FL,https://www.gdacs.org/gdacsapi/api/events/geteventdata?eventtype=FL&eventid=1000119,"{'type': 'Point', 'coordinates': [8.043, 51.501]}"
3,Processed,0.968,20.6504,0.7628,14.622,FL-1000123,EU020M,Italy,ITA,1000123,Green,1,2017-08-10T00:00:00,2017-08-11T00:00:00,https://www.gdacs.org/gdacsapi/api/polygons/getgeometry?eventtype=FL&eventid=1000123&episodeid=1,https://www.gdacs.org/report.aspx?eventid=1000123&episodeid=1&eventtype=FL,https://www.gdacs.org/gdacsapi/api/events/geteventdata?eventtype=FL&eventid=1000123,"{'type': 'Point', 'coordinates': [12.23, 45.336]}"
4,Processed,0.1464,7.7308,0.0,1.1436,FL-1000115,EU020M,Italy,ITA,1000115,Green,1,2017-09-09T00:00:00,2017-09-11T00:00:00,https://www.gdacs.org/gdacsapi/api/polygons/getgeometry?eventtype=FL&eventid=1000115&episodeid=1,https://www.gdacs.org/report.aspx?eventid=1000115&episodeid=1&eventtype=FL,https://www.gdacs.org/gdacsapi/api/events/geteventdata?eventtype=FL&eventid=1000115,"{'type': 'Point', 'coordinates': [10.324, 43.599]}"
5,Processed,285.3656,650.3816,353.754,308.9568,FL-1000164,EU020M,France,FRA,1000164,Green,1,2018-01-22T00:00:00,2018-02-07T00:00:00,https://www.gdacs.org/gdacsapi/api/polygons/getgeometry?eventtype=FL&eventid=1000164&episodeid=4,https://www.gdacs.org/report.aspx?eventid=1000164&episodeid=4&eventtype=FL,https://www.gdacs.org/gdacsapi/api/events/geteventdata?eventtype=FL&eventid=1000164,"{'type': 'Point', 'coordinates': [1.88, 48.888]}"
6,Processed,41.7208,200.976,57.1,88.3756,FL-1000216,EU020M,Italy,ITA,1000216,Green,1,2018-10-27T00:00:00,2018-11-07T00:00:00,https://www.gdacs.org/gdacsapi/api/polygons/getgeometry?eventtype=FL&eventid=1000216&episodeid=2,https://www.gdacs.org/report.aspx?eventid=1000216&episodeid=2&eventtype=FL,https://www.gdacs.org/gdacsapi/api/events/geteventdata?eventtype=FL&eventid=1000216,"{'type': 'Point', 'coordinates': [11.674, 45.976]}"
7,Processed,30.1092,38.552,38.71,38.5212,FL-1000215,EU020M,France,FRA,1000215,Green,1,2018-10-12T00:00:00,2018-10-18T00:00:00,https://www.gdacs.org/gdacsapi/api/polygons/getgeometry?eventtype=FL&eventid=1000215&episodeid=2,https://www.gdacs.org/report.aspx?eventid=1000215&episodeid=2&eventtype=FL,https://www.gdacs.org/gdacsapi/api/events/geteventdata?eventtype=FL&eventid=1000215,"{'type': 'Point', 'coordinates': [2.475, 43.104]}"
8,Processed,16.6356,66.0824,19.4616,55.5776,FL-1000231,EU020M,Italy,ITA,1000231,green,1,2019-05-11T00:00:00,2019-05-17T00:00:00,https://www.gdacs.org/gdacsapi/api/polygons/getgeometry?eventtype=FL&eventid=1000231&episodeid=1,https://www.gdacs.org/report.aspx?eventid=1000231&episodeid=1&eventtype=FL,https://www.gdacs.org/gdacsapi/api/events/geteventdata?eventtype=FL&eventid=1000231,"{'type': 'Point', 'coordinates': [12.052, 45.055]}"
9,Processed,14.122,73.2028,36.6896,79.1304,FL-1100161,EU020M,France,FRA,1100161,Green,1,2019-06-24T00:00:00,2019-06-26T00:00:00,https://www.gdacs.org/gdacsapi/api/polygons/getgeometry?eventtype=FL&eventid=1100161&episodeid=1,https://www.gdacs.org/report.aspx?eventid=1100161&episodeid=1&eventtype=FL,https://www.gdacs.org/gdacsapi/api/events/geteventdata?eventtype=FL&eventid=1100161,"{'type': 'Point', 'coordinates': [0.210405306275447, 49.139636]}"
10,Processed,6.3356,13.8068,16.4152,26.1204,FL-1100155,EU020M,Switzerland,CHE,1100155,Green,1,2019-06-21T00:00:00,2019-06-24T00:00:00,https://www.gdacs.org/gdacsapi/api/polygons/getgeometry?eventtype=FL&eventid=1100155&episodeid=1,https://www.gdacs.org/report.aspx?eventid=1100155&episodeid=1&eventtype=FL,https://www.gdacs.org/gdacsapi/api/events/geteventdata?eventtype=FL&eventid=1100155,"{'type': 'Point', 'coordinates': [6.9712913008751, 47.07469595]}"
11,Processed,166.3976,231.7564,269.3696,300.224,FL-1100153,EU020M,Italy,ITA,1100153,Green,1,2019-06-10T00:00:00,2019-06-14T00:00:00,https://www.gdacs.org/gdacsapi/api/polygons/getgeometry?eventtype=FL&eventid=1100153&episodeid=1,https://www.gdacs.org/report.aspx?eventid=1100153&episodeid=1&eventtype=FL,https://www.gdacs.org/gdacsapi/api/events/geteventdata?eventtype=FL&eventid=1100153,"{'type': 'Point', 'coordinates': [9.4302426, 45.9863606]}"
12,Processed,0.0488,12.8228,1.1408,1.4776,FL-1100125,EU020M,Italy,ITA,1100125,Green,1,2019-08-06T00:00:00,2019-08-07T00:00:00,https://www.gdacs.org/gdacsapi/api/polygons/getgeometry?eventtype=FL&eventid=1100125&episodeid=2,https://www.gdacs.org/report.aspx?eventid=1100125&episodeid=2&eventtype=FL,https://www.gdacs.org/gdacsapi/api/events/geteventdata?eventtype=FL&eventid=1100125,"{'type': 'Point', 'coordinates': [10.326231, 46.0148897]}"
13,Processed,10.2572,19.6196,29.0112,68.6832,FL-1100231,EU020M,Italy,ITA,1100231,Green,1,2019-10-20T00:00:00,2019-10-23T13:00:00,https://www.gdacs.org/gdacsapi/api/polygons/getgeometry?eventtype=FL&eventid=1100231&episodeid=1,https://www.gdacs.org/report.aspx?eventid=1100231&episodeid=1&eventtype=FL,https://www.gdacs.org/gdacsapi/api/events/geteventdata?eventtype=FL&eventid=1100231,"{'type': 'Point', 'coordinates': [8.7026296, 44.4777617]}"
14,Processed,4.7848,22.5012,8.0948,14.4628,FL-1100236,EU020M,France,FRA,1100236,Green,1,2019-10-22T00:00:00,2019-10-22T00:00:00,https://www.gdacs.org/gdacsapi/api/polygons/getgeometry?eventtype=FL&eventid=1100236&episodeid=1,https://www.gdacs.org/report.aspx?eventid=1100236&episodeid=1&eventtype=FL,https://www.gdacs.org/gdacsapi/api/events/geteventdata?eventtype=FL&eventid=1100236,"{'type': 'Point', 'coordinates': [2.382078, 43.063458]}"
15,Processed,114.2972,149.4156,125.8668,174.846,FL-1100297,EU020M,France,FRA,1100297,Green,1,2019-11-22T00:00:00,2019-12-03T10:00:00,https://www.gdacs.org/gdacsapi/api/polygons/getgeometry?eventtype=FL&eventid=1100297&episodeid=2,https://www.gdacs.org/report.aspx?eventid=1100297&episodeid=2&eventtype=FL,https://www.gdacs.org/gdacsapi/api/events/geteventdata?eventtype=FL&eventid=1100297,"{'type': 'Point', 'coordinates': [7.1790785, 43.9210587]}"
16,Processed,114.2972,149.4156,125.8668,174.846,FL-1100296,EU020M,Italy,ITA,1100296,Green,1,2019-11-11T16:00:00,2019-11-30T12:00:00,https://www.gdacs.org/gdacsapi/api/polygons/getgeometry?eventtype=FL&eventid=1100296&episodeid=2,https://www.gdacs.org/report.aspx?eventid=1100296&episodeid=2&eventtype=FL,https://www.gdacs.org/gdacsapi/api/events/geteventdata?eventtype=FL&eventid=1100296,"{'type': 'Point', 'coordinates': [8.25257273702106, 44.2334238]}"
17,Processed,54.9256,85.6564,82.1336,89.6776,FL-1100259,EU020M,Austria,AUT,1100259,Green,1,2019-11-15T00:00:00,2019-11-19T00:00:00,https://www.gdacs.org/gdacsapi/api/polygons/getgeometry?eventtype=FL&eventid=1100259&episodeid=2,https://www.gdacs.org/report.aspx?eventid=1100259&episodeid=2&eventtype=FL,https://www.gdacs.org/gdacsapi/api/events/geteventdata?eventtype=FL&eventid=1100259,"{'type': 'Point', 'coordinates': [13.1328061816405, 47.1142689]}"
18,Processed,1.6772,14.0452,7.9424,59.0668,FL-1100238,EU020M,France,FRA,1100238,Green,1,2019-11-02T15:00:00,2019-11-05T15:00:00,https://www.gdacs.org/gdacsapi/api/polygons/getgeometry?eventtype=FL&eventid=1100238&episodeid=2,https://www.gdacs.org/report.aspx?eventid=1100238&episodeid=2&eventtype=FL,https://www.gdacs.org/gdacsapi/api/events/geteventdata?eventtype=FL&eventid=1100238,"{'type': 'Point', 'coordinates': [7.1790785, 43.9210587]}"
19,Processed,0.0492,22.156,2.4792,8.4776,FL-1100298,EU020M,France,FRA,1100298,Green,1,2019-12-12T00:00:00,2019-12-12T00:00:00,https://www.gdacs.org/gdacsapi/api/polygons/getgeometry?eventtype=FL&eventid=1100298&episodeid=1,https://www.gdacs.org/report.aspx?eventid=1100298&episodeid=1&eventtype=FL,https://www.gdacs.org/gdacsapi/api/events/geteventdata?eventtype=FL&eventid=1100298,"{'type': 'Point', 'coordinates': [0.4379893, 44.2436605]}"
20,Processed,15.908,53.3884,27.4712,37.9636,FL-1100362,EU020M,France,FRA,1100362,Green,1,2020-02-01T00:00:00,2020-02-01T00:00:00,https://www.gdacs.org/gdacsapi/api/polygons/getgeometry?eventtype=FL&eventid=1100362&episodeid=1,https://www.gdacs.org/report.aspx?eventid=1100362&episodeid=1&eventtype=FL,https://www.gdacs.org/gdacsapi/api/events/geteventdata?eventtype=FL&eventid=1100362,"{'type': 'Point', 'coordinates': [6.18480530170636, 48.6921578]}"
21,Processed,792.95,3945.204,848.3276,800.5904,FL-1100337,EU020M,France,FRA,1100337,Green,1,2020-01-19T11:00:00,2020-01-25T11:00:00,https://www.gdacs.org/gdacsapi/api/polygons/getgeometry?eventtype=FL&eventid=1100337&episodeid=1,https://www.gdacs.org/report.aspx?eventid=1100337&episodeid=1&eventtype=FL,https://www.gdacs.org/gdacsapi/api/events/geteventdata?eventtype=FL&eventid=1100337,"{'type': 'Point', 'coordinates': [0.971679170190158, 43.3054546]}"
22,Processed,0.0,69.8396,0.0,3.04,FL-1100439,OC020M,France,FRA,1100439,Green,1,2020-04-19T00:00:00,2020-04-21T00:00:00,https://www.gdacs.org/gdacsapi/api/polygons/getgeometry?eventtype=FL&eventid=1100439&episodeid=1,https://www.gdacs.org/report.aspx?eventid=1100439&episodeid=1&eventtype=FL,https://www.gdacs.org/gdacsapi/api/events/geteventdata?eventtype=FL&eventid=1100439,"{'type': 'Point', 'coordinates': [166.357117, -22.1314567]}"
23,Processed,11.3092,334.356,16.9,213.8064,FL-1100456,EU020M,France,FRA,1100456,Green,1,2020-05-02T00:00:00,2020-05-12T00:00:00,https://www.gdacs.org/gdacsapi/api/polygons/getgeometry?eventtype=FL&eventid=1100456&episodeid=2,https://www.gdacs.org/report.aspx?eventid=1100456&episodeid=2&eventtype=FL,https://www.gdacs.org/gdacsapi/api/events/geteventdata?eventtype=FL&eventid=1100456,"{'type': 'Point', 'coordinates': [-0.5944013, 45.9929364]}"
24,Processed,1.4704,1.2128,1.9764,7.0816,FL-1100496,EU020M,France,FRA,1100496,Green,1,2020-06-11T00:00:00,2020-06-12T00:00:00,https://www.gdacs.org/gdacsapi/api/polygons/getgeometry?eventtype=FL&eventid=1100496&episodeid=1,https://www.gdacs.org/report.aspx?eventid=1100496&episodeid=1&eventtype=FL,https://www.gdacs.org/gdacsapi/api/events/geteventdata?eventtype=FL&eventid=1100496,"{'type': 'Point', 'coordinates': [8.73822568889629, 41.9198104]}"
25,Processed,0.0,0.2504,0.0672,2.8396,FL-1100542,EU020M,Italy,ITA,1100542,Green,1,2020-07-15T00:00:00,2020-07-16T00:00:00,https://www.gdacs.org/gdacsapi/api/polygons/getgeometry?eventtype=FL&eventid=1100542&episodeid=1,https://www.gdacs.org/report.aspx?eventid=1100542&episodeid=1&eventtype=FL,https://www.gdacs.org/gdacsapi/api/events/geteventdata?eventtype=FL&eventid=1100542,"{'type': 'Point', 'coordinates': [13.361459397798, 38.1156818]}"
26,Processed,0.3304,6.4772,2.0912,29.182,FL-1100577,EU020M,Italy,ITA,1100577,Green,1,2020-08-11T00:00:00,2020-08-13T00:00:00,https://www.gdacs.org/gdacsapi/api/polygons/getgeometry?eventtype=FL&eventid=1100577&episodeid=1,https://www.gdacs.org/report.aspx?eventid=1100577&episodeid=1&eventtype=FL,https://www.gdacs.org/gdacsapi/api/events/geteventdata?eventtype=FL&eventid=1100577,"{'type': 'Point', 'coordinates': [9.78777037525396, 46.3161679]}"
27,Processed,2.0244,25.0556,10.084,71.8812,FL-1100619,EU020M,France,FRA,1100619,Green,1,2020-09-19T00:00:00,2020-09-22T00:00:00,https://www.gdacs.org/gdacsapi/api/polygons/getgeometry?eventtype=FL&eventid=1100619&episodeid=1,https://www.gdacs.org/report.aspx?eventid=1100619&episodeid=1&eventtype=FL,https://www.gdacs.org/gdacsapi/api/events/geteventdata?eventtype=FL&eventid=1100619,"{'type': 'Point', 'coordinates': [4.1509053, 43.9415313]}"
28,Processed,60.816,91.0724,93.7476,102.8768,FL-1100631,EU020M,France,FRA,1100631,Green,1,2020-10-02T00:00:00,2020-10-02T00:00:00,https://www.gdacs.org/gdacsapi/api/polygons/getgeometry?eventtype=FL&eventid=1100631&episodeid=2,https://www.gdacs.org/report.aspx?eventid=1100631&episodeid=2&eventtype=FL,https://www.gdacs.org/gdacsapi/api/events/geteventdata?eventtype=FL&eventid=1100631,"{'type': 'Point', 'coordinates': [7.25642219953983, 44.07012445]}"
29,Processed,1.1408,8.5616,1.292,17.876,FL-1100679,EU020M,Italy,ITA,1100679,Green,1,2020-11-20T00:00:00,2020-11-30T00:00:00,https://www.gdacs.org/gdacsapi/api/polygons/getgeometry?eventtype=FL&eventid=1100679&episodeid=2,https://www.gdacs.org/report.aspx?eventid=1100679&episodeid=2&eventtype=FL,https://www.gdacs.org/gdacsapi/api/events/geteventdata?eventtype=FL&eventid=1100679,"{'type': 'Point', 'coordinates': [9.3852653, 40.4784991]}"
30,Processed,146.8412,188.7304,239.2564,183.1188,FL-1100714,EU020M,France,FRA,1100714,Green,1,2020-12-24T00:00:00,2021-01-03T00:00:00,https://www.gdacs.org/gdacsapi/api/polygons/getgeometry?eventtype=FL&eventid=1100714&episodeid=1,https://www.gdacs.org/report.aspx?eventid=1100714&episodeid=1&eventtype=FL,https://www.gdacs.org/gdacsapi/api/events/geteventdata?eventtype=FL&eventid=1100714,"{'type': 'Point', 'coordinates': [-0.4666353, 52.1386077]}"
31,Processed,139.3788,162.1336,169.6716,197.6976,FL-1100686,EU020M,Italy,ITA,1100686,Green,1,2020-12-04T00:00:00,2020-12-07T00:00:00,https://www.gdacs.org/gdacsapi/api/polygons/getgeometry?eventtype=FL&eventid=1100686&episodeid=1,https://www.gdacs.org/report.aspx?eventid=1100686&episodeid=1&eventtype=FL,https://www.gdacs.org/gdacsapi/api/events/geteventdata?eventtype=FL&eventid=1100686,"{'type': 'Point', 'coordinates': [10.9181884, 44.55104]}"
32,Processed,1.1384,2.7612,4.2968,5.8836,FL-1100742,EU020M,Italy,ITA,1100742,Green,1,2021-01-24T00:00:00,2021-02-07T00:00:00,https://www.gdacs.org/gdacsapi/api/polygons/getgeometry?eventtype=FL&eventid=1100742&episodeid=2,https://www.gdacs.org/report.aspx?eventid=1100742&episodeid=2&eventtype=FL,https://www.gdacs.org/gdacsapi/api/events/geteventdata?eventtype=FL&eventid=1100742,"{'type': 'Point', 'coordinates': [16.1122151, 39.4687917]}"
33,Processed,0.0,21.2872,0.0,4.4076,FL-1100750,SA020M,France,FRA,1100750,Green,1,2021-01-28T00:00:00,2021-02-05T00:00:00,https://www.gdacs.org/gdacsapi/api/polygons/getgeometry?eventtype=FL&eventid=1100750&episodeid=2,https://www.gdacs.org/report.aspx?eventid=1100750&episodeid=2&eventtype=FL,https://www.gdacs.org/gdacsapi/api/events/geteventdata?eventtype=FL&eventid=1100750,"{'type': 'Point', 'coordinates': [-61.6599862, 16.1174136]}"
34,Processed,53.8056,45.3824,72.1972,78.8352,FL-1100748,EU020M,Germany,DEU,1100748,Green,1,2021-01-29T00:00:00,2021-02-01T00:00:00,https://www.gdacs.org/gdacsapi/api/polygons/getgeometry?eventtype=FL&eventid=1100748&episodeid=1,https://www.gdacs.org/report.aspx?eventid=1100748&episodeid=1&eventtype=FL,https://www.gdacs.org/gdacsapi/api/events/geteventdata?eventtype=FL&eventid=1100748,"{'type': 'Point', 'coordinates': [9.1112931, 50.2867122]}"
35,Processed,18.8152,7.8428,38.9728,89.6456,FL-1100844,SA020M,France,FRA,1100844,Green,1,2021-04-23T01:00:00,2021-04-25T01:00:00,https://www.gdacs.org/gdacsapi/api/polygons/getgeometry?eventtype=FL&eventid=1100844&episodeid=1,https://www.gdacs.org/report.aspx?eventid=1100844&episodeid=1&eventtype=FL,https://www.gdacs.org/gdacsapi/api/events/geteventdata?eventtype=FL&eventid=1100844,"{'type': 'Point', 'coordinates': [-52.999998, 4.0039882]}"
36,Processed,1467.9412,1424.9988,1717.8368,3410.3492,FL-1100907,EU020M,Belgium,BEL,1100907,Green,1,2021-06-01T01:00:00,2021-06-03T01:00:00,https://www.gdacs.org/gdacsapi/api/polygons/getgeometry?eventtype=FL&eventid=1100907&episodeid=1,https://www.gdacs.org/report.aspx?eventid=1100907&episodeid=1&eventtype=FL,https://www.gdacs.org/gdacsapi/api/events/geteventdata?eventtype=FL&eventid=1100907,"{'type': 'Point', 'coordinates': [2.3151218, 49.5431349]}"
37,Processed,0.1464,0.9388,0.3664,3.8008,FL-1100890,EU020M,France,FRA,1100890,Green,1,2021-05-24T01:00:00,2021-05-25T01:00:00,https://www.gdacs.org/gdacsapi/api/polygons/getgeometry?eventtype=FL&eventid=1100890&episodeid=1,https://www.gdacs.org/report.aspx?eventid=1100890&episodeid=1&eventtype=FL,https://www.gdacs.org/gdacsapi/api/events/geteventdata?eventtype=FL&eventid=1100890,"{'type': 'Point', 'coordinates': [9.1606179, 41.3878259]}"
38,Processed,409.9864,757.0936,617.68,1123.9036,FL-1100872,EU020M,France,FRA,1100872,Green,1,2021-05-10T01:00:00,2021-05-12T01:00:00,https://www.gdacs.org/gdacsapi/api/polygons/getgeometry?eventtype=FL&eventid=1100872&episodeid=1,https://www.gdacs.org/report.aspx?eventid=1100872&episodeid=1&eventtype=FL,https://www.gdacs.org/gdacsapi/api/events/geteventdata?eventtype=FL&eventid=1100872,"{'type': 'Point', 'coordinates': [4.85568586786413, 45.7481616]}"
39,Processed,60.8196,237.108,299.1488,154.0436,FL-1100915,EU020M,Germany,DEU,1100915,Green,1,2021-06-18T01:00:00,2021-07-01T01:00:00,https://www.gdacs.org/gdacsapi/api/polygons/getgeometry?eventtype=FL&eventid=1100915&episodeid=4,https://www.gdacs.org/report.aspx?eventid=1100915&episodeid=4&eventtype=FL,https://www.gdacs.org/gdacsapi/api/events/geteventdata?eventtype=FL&eventid=1100915,"{'type': 'Point', 'coordinates': [11.4993644, 53.3300229]}"
40,Processed,7.9532,12.3384,26.2276,43.314,FL-1100931,EU020M,France,FRA,1100931,Green,1,2021-06-27T01:00:00,2021-06-29T01:00:00,https://www.gdacs.org/gdacsapi/api/polygons/getgeometry?eventtype=FL&eventid=1100931&episodeid=1,https://www.gdacs.org/report.aspx?eventid=1100931&episodeid=1&eventtype=FL,https://www.gdacs.org/gdacsapi/api/events/geteventdata?eventtype=FL&eventid=1100931,"{'type': 'Point', 'coordinates': [3.08399342067179, 45.7715343]}"
41,Processed,0.3256,6.6812,2.3208,27.9908,FL-1100929,EU020M,Belgium,BEL,1100929,Green,1,2021-06-27T01:00:00,2021-06-28T01:00:00,https://www.gdacs.org/gdacsapi/api/polygons/getgeometry?eventtype=FL&eventid=1100929&episodeid=1,https://www.gdacs.org/report.aspx?eventid=1100929&episodeid=1&eventtype=FL,https://www.gdacs.org/gdacsapi/api/events/geteventdata?eventtype=FL&eventid=1100929,"{'type': 'Point', 'coordinates': [5.606954, 50.9219773]}"
42,Processed,13.4548,119.5908,60.15,64.1204,FL-1100926,EU020M,France,FRA,1100926,Green,1,2021-06-16T01:00:00,2021-06-23T01:00:00,https://www.gdacs.org/gdacsapi/api/polygons/getgeometry?eventtype=FL&eventid=1100926&episodeid=2,https://www.gdacs.org/report.aspx?eventid=1100926&episodeid=2&eventtype=FL,https://www.gdacs.org/gdacsapi/api/events/geteventdata?eventtype=FL&eventid=1100926,"{'type': 'Point', 'coordinates': [6.1585726, 46.1518255]}"
43,Processed,20.3068,93.4036,65.4932,129.9128,FL-1100912,EU020M,Belgium,BEL,1100912,Green,1,2021-06-17T01:00:00,2021-06-19T01:00:00,https://www.gdacs.org/gdacsapi/api/polygons/getgeometry?eventtype=FL&eventid=1100912&episodeid=1,https://www.gdacs.org/report.aspx?eventid=1100912&episodeid=1&eventtype=FL,https://www.gdacs.org/gdacsapi/api/events/geteventdata?eventtype=FL&eventid=1100912,"{'type': 'Point', 'coordinates': [4.549699, 50.482944]}"
44,Processed,164.2556,226.0712,270.0384,124.9632,FL-1100934,EU020M,Italy,ITA,1100934,Green,1,2021-06-07T01:00:00,2021-06-09T01:00:00,https://www.gdacs.org/gdacsapi/api/polygons/getgeometry?eventtype=FL&eventid=1100934&episodeid=1,https://www.gdacs.org/report.aspx?eventid=1100934&episodeid=1&eventtype=FL,https://www.gdacs.org/gdacsapi/api/events/geteventdata?eventtype=FL&eventid=1100934,"{'type': 'Point', 'coordinates': [12.4829321, 41.8933203]}"
45,Processed,8.6348,22.0756,15.6488,82.5524,FL-1100993,EU020M,France,FRA,1100993,Green,1,2021-07-24T01:00:00,2021-08-16T01:00:00,https://www.gdacs.org/gdacsapi/api/polygons/getgeometry?eventtype=FL&eventid=1100993&episodeid=5,https://www.gdacs.org/report.aspx?eventid=1100993&episodeid=5&eventtype=FL,https://www.gdacs.org/gdacsapi/api/events/geteventdata?eventtype=FL&eventid=1100993,"{'type': 'Point', 'coordinates': [5.01604, 45.5109]}"
46,Processed,3.3008,22.0756,7.2668,82.5524,FL-1101009,EU020M,Italy,ITA,1101009,Green,1,2021-07-27T01:00:00,2021-08-07T01:00:00,https://www.gdacs.org/gdacsapi/api/polygons/getgeometry?eventtype=FL&eventid=1101009&episodeid=3,https://www.gdacs.org/report.aspx?eventid=1101009&episodeid=3&eventtype=FL,https://www.gdacs.org/gdacsapi/api/events/geteventdata?eventtype=FL&eventid=1101009,"{'type': 'Point', 'coordinates': [9.3045277, 46.0765742]}"
47,Processed,14.64,215.3948,43.2896,112.4208,FL-1100981,EU020M,Belgium,BEL,1100981,Green,1,2021-07-24T01:00:00,2021-08-02T01:00:00,https://www.gdacs.org/gdacsapi/api/polygons/getgeometry?eventtype=FL&eventid=1100981&episodeid=2,https://www.gdacs.org/report.aspx?eventid=1100981&episodeid=2&eventtype=FL,https://www.gdacs.org/gdacsapi/api/events/geteventdata?eventtype=FL&eventid=1100981,"{'type': 'Point', 'coordinates': [4.6667145, 50.6402809]}"
48,Processed,1.7484,27.1096,5.928,27.9396,FL-1101007,EU020M,Austria,AUT,1101007,Green,1,2021-07-30T01:00:00,2021-07-31T01:00:00,https://www.gdacs.org/gdacsapi/api/polygons/getgeometry?eventtype=FL&eventid=1101007&episodeid=1,https://www.gdacs.org/report.aspx?eventid=1101007&episodeid=1&eventtype=FL,https://www.gdacs.org/gdacsapi/api/events/geteventdata?eventtype=FL&eventid=1101007,"{'type': 'Point', 'coordinates': [15.4382786, 47.0708678]}"
49,Processed,0.3796,10.9744,2.788,24.116,FL-1100983,EU020M,Germany,DEU,1100983,Green,1,2021-07-24T01:00:00,2021-07-26T01:00:00,https://www.gdacs.org/gdacsapi/api/polygons/getgeometry?eventtype=FL&eventid=1100983&episodeid=2,https://www.gdacs.org/report.aspx?eventid=1100983&episodeid=2&eventtype=FL,https://www.gdacs.org/gdacsapi/api/events/geteventdata?eventtype=FL&eventid=1100983,"{'type': 'Point', 'coordinates': [11.8335417, 47.790025]}"
50,Processed,14.5444,32.714,25.8036,50.536,FL-1100984,EU020M,Netherlands,NLD,1100984,Green,1,2021-07-25T01:00:00,2021-07-26T01:00:00,https://www.gdacs.org/gdacsapi/api/polygons/getgeometry?eventtype=FL&eventid=1100984&episodeid=1,https://www.gdacs.org/report.aspx?eventid=1100984&episodeid=1&eventtype=FL,https://www.gdacs.org/gdacsapi/api/events/geteventdata?eventtype=FL&eventid=1100984,"{'type': 'Point', 'coordinates': [6.0354836, 53.2482864]}"
51,Processed,0.0,0.1624,0.2352,1.0648,FL-1100969,EU020M,Italy,ITA,1100969,Green,1,2021-07-17T01:00:00,2021-07-19T01:00:00,https://www.gdacs.org/gdacsapi/api/polygons/getgeometry?eventtype=FL&eventid=1100969&episodeid=1,https://www.gdacs.org/report.aspx?eventid=1100969&episodeid=1&eventtype=FL,https://www.gdacs.org/gdacsapi/api/events/geteventdata?eventtype=FL&eventid=1100969,"{'type': 'Point', 'coordinates': [13.3524434, 38.1112268]}"
52,Processed,6.9452,6.3784,9.0384,67.7504,FL-1100966,EU020M,Austria,AUT,1100966,Green,1,2021-07-17T01:00:00,2021-07-19T01:00:00,https://www.gdacs.org/gdacsapi/api/polygons/getgeometry?eventtype=FL&eventid=1100966&episodeid=2,https://www.gdacs.org/report.aspx?eventid=1100966&episodeid=2&eventtype=FL,https://www.gdacs.org/gdacsapi/api/events/geteventdata?eventtype=FL&eventid=1100966,"{'type': 'Point', 'coordinates': [12.9075755, 47.7252029]}"
53,Processed,14.05,68.1776,19.3872,29.8868,FL-1100972,EU020M,Switzerland,CHE,1100972,Green,1,2021-07-13T01:00:00,2021-07-19T01:00:00,https://www.gdacs.org/gdacsapi/api/polygons/getgeometry?eventtype=FL&eventid=1100972&episodeid=1,https://www.gdacs.org/report.aspx?eventid=1100972&episodeid=1&eventtype=FL,https://www.gdacs.org/gdacsapi/api/events/geteventdata?eventtype=FL&eventid=1100972,"{'type': 'Point', 'coordinates': [8.5410422, 47.3744489]}"
54,Processed,24.266,23.014,30.0436,91.9892,FL-1100970,EU020M,Luxembourg,LUX,1100970,Green,1,2021-07-14T01:00:00,2021-07-17T01:00:00,https://www.gdacs.org/gdacsapi/api/polygons/getgeometry?eventtype=FL&eventid=1100970&episodeid=1,https://www.gdacs.org/report.aspx?eventid=1100970&episodeid=1&eventtype=FL,https://www.gdacs.org/gdacsapi/api/events/geteventdata?eventtype=FL&eventid=1100970,"{'type': 'Point', 'coordinates': [6.2066715, 49.9336976]}"
55,Processed,25.7004,19.4484,29.678,133.2788,FL-1100971,EU020M,Netherlands,NLD,1100971,Green,1,2021-07-14T01:00:00,2021-07-16T01:00:00,https://www.gdacs.org/gdacsapi/api/polygons/getgeometry?eventtype=FL&eventid=1100971&episodeid=1,https://www.gdacs.org/report.aspx?eventid=1100971&episodeid=1&eventtype=FL,https://www.gdacs.org/gdacsapi/api/events/geteventdata?eventtype=FL&eventid=1100971,"{'type': 'Point', 'coordinates': [5.9046302, 51.2015196]}"
56,Processed,60.3208,55.462,70.2384,78.63,FL-1100957,EU020M,Belgium,BEL,1100957,Orange,2,2021-07-14T01:00:00,2021-07-16T01:00:00,https://www.gdacs.org/gdacsapi/api/polygons/getgeometry?eventtype=FL&eventid=1100957&episodeid=1,https://www.gdacs.org/report.aspx?eventid=1100957&episodeid=1&eventtype=FL,https://www.gdacs.org/gdacsapi/api/events/geteventdata?eventtype=FL&eventid=1100957,"{'type': 'Point', 'coordinates': [4.9130624, 50.2591576]}"
57,Processed,25.7004,68.1776,46.3056,133.2788,FL-1100958,EU020M,Germany,DEU,1100958,Orange,2,2021-07-13T01:00:00,2021-07-15T01:00:00,https://www.gdacs.org/gdacsapi/api/polygons/getgeometry?eventtype=FL&eventid=1100958&episodeid=1,https://www.gdacs.org/report.aspx?eventid=1100958&episodeid=1&eventtype=FL,https://www.gdacs.org/gdacsapi/api/events/geteventdata?eventtype=FL&eventid=1100958,"{'type': 'Point', 'coordinates': [7.5543751, 51.4789205]}"
58,Processed,1.5092,1.4484,5.0868,38.1796,FL-1101059,EU020M,Germany,DEU,1101059,Green,1,2021-08-28T01:00:00,2021-08-29T01:00:00,https://www.gdacs.org/gdacsapi/api/polygons/getgeometry?eventtype=FL&eventid=1101059&episodeid=1,https://www.gdacs.org/report.aspx?eventid=1101059&episodeid=1&eventtype=FL,https://www.gdacs.org/gdacsapi/api/events/geteventdata?eventtype=FL&eventid=1101059,"{'type': 'Point', 'coordinates': [13.4585052, 50.9295798]}"
59,Processed,0.0,1.584,0.128,31.0444,FL-1101050,EU020M,Italy,ITA,1101050,Green,1,2021-08-23T01:00:00,2021-08-27T01:00:00,https://www.gdacs.org/gdacsapi/api/polygons/getgeometry?eventtype=FL&eventid=1101050&episodeid=2,https://www.gdacs.org/report.aspx?eventid=1101050&episodeid=2&eventtype=FL,https://www.gdacs.org/gdacsapi/api/events/geteventdata?eventtype=FL&eventid=1101050,"{'type': 'Point', 'coordinates': [14.624941, 40.652708]}"
60,Processed,3.7208,6.302,4.54,124.3052,FL-1101052,EU020M,Netherlands,NLD,1101052,Green,1,2021-08-22T01:00:00,2021-08-23T01:00:00,https://www.gdacs.org/gdacsapi/api/polygons/getgeometry?eventtype=FL&eventid=1101052&episodeid=1,https://www.gdacs.org/report.aspx?eventid=1101052&episodeid=1&eventtype=FL,https://www.gdacs.org/gdacsapi/api/events/geteventdata?eventtype=FL&eventid=1101052,"{'type': 'Point', 'coordinates': [5.43607389246792, 52.97483265]}"
61,Processed,0.1136,2.5284,0.8504,9.8812,FL-1101053,EU020M,Austria,AUT,1101053,Green,1,2021-08-22T01:00:00,2021-08-23T01:00:00,https://www.gdacs.org/gdacsapi/api/polygons/getgeometry?eventtype=FL&eventid=1101053&episodeid=1,https://www.gdacs.org/report.aspx?eventid=1101053&episodeid=1&eventtype=FL,https://www.gdacs.org/gdacsapi/api/events/geteventdata?eventtype=FL&eventid=1101053,"{'type': 'Point', 'coordinates': [16.0731679, 47.7270165]}"
62,Processed,0.8556,3.7068,2.0628,35.4864,FL-1101036,EU020M,Germany,DEU,1101036,Green,1,2021-08-16T01:00:00,2021-08-17T01:00:00,https://www.gdacs.org/gdacsapi/api/polygons/getgeometry?eventtype=FL&eventid=1101036&episodeid=1,https://www.gdacs.org/report.aspx?eventid=1101036&episodeid=1&eventtype=FL,https://www.gdacs.org/gdacsapi/api/events/geteventdata?eventtype=FL&eventid=1101036,"{'type': 'Point', 'coordinates': [8.0317359, 47.9316674]}"
63,Processed,3.3008,22.0756,5.914,52.8524,FL-1101027,EU020M,Switzerland,CHE,1101027,Green,1,2021-08-06T01:00:00,2021-08-07T01:00:00,https://www.gdacs.org/gdacsapi/api/polygons/getgeometry?eventtype=FL&eventid=1101027&episodeid=1,https://www.gdacs.org/report.aspx?eventid=1101027&episodeid=1&eventtype=FL,https://www.gdacs.org/gdacsapi/api/events/geteventdata?eventtype=FL&eventid=1101027,"{'type': 'Point', 'coordinates': [9.0205888, 46.1920538]}"
64,Processed,4.6276,49.8744,17.2852,32.358,FL-1101108,EU020M,Italy,ITA,1101108,Green,1,2021-09-25T01:00:00,2021-10-06T01:00:00,https://www.gdacs.org/gdacsapi/api/polygons/getgeometry?eventtype=FL&eventid=1101108&episodeid=2,https://www.gdacs.org/report.aspx?eventid=1101108&episodeid=2&eventtype=FL,https://www.gdacs.org/gdacsapi/api/events/geteventdata?eventtype=FL&eventid=1101108,"{'type': 'Point', 'coordinates': [8.412652, 44.292536]}"
65,Processed,6.0148,44.1024,17.0128,157.9808,FL-1101107,EU020M,France,FRA,1101107,Green,1,2021-09-25T01:00:00,2021-10-05T01:00:00,https://www.gdacs.org/gdacsapi/api/polygons/getgeometry?eventtype=FL&eventid=1101107&episodeid=2,https://www.gdacs.org/report.aspx?eventid=1101107&episodeid=2&eventtype=FL,https://www.gdacs.org/gdacsapi/api/events/geteventdata?eventtype=FL&eventid=1101107,"{'type': 'Point', 'coordinates': [4.3986524702344, 44.815194]}"
66,Processed,1.1696,26.0412,1.4112,149.8808,FL-1101092,EU020M,Italy,ITA,1101092,Green,1,2021-09-16T01:00:00,2021-09-18T01:00:00,https://www.gdacs.org/gdacsapi/api/polygons/getgeometry?eventtype=FL&eventid=1101092&episodeid=1,https://www.gdacs.org/report.aspx?eventid=1101092&episodeid=1&eventtype=FL,https://www.gdacs.org/gdacsapi/api/events/geteventdata?eventtype=FL&eventid=1101092,"{'type': 'Point', 'coordinates': [8.7545482, 45.6141475]}"
67,Processed,24.3008,18.9988,32.2088,58.1708,FL-1101192,EU020M,France,FRA,1101192,Green,1,2021-11-28T01:00:00,2021-12-01T01:00:00,https://www.gdacs.org/gdacsapi/api/polygons/getgeometry?eventtype=FL&eventid=1101192&episodeid=1,https://www.gdacs.org/report.aspx?eventid=1101192&episodeid=1&eventtype=FL,https://www.gdacs.org/gdacsapi/api/events/geteventdata?eventtype=FL&eventid=1101192,"{'type': 'Point', 'coordinates': [3.08835236944649, 50.52896715]}"
68,Processed,2.5164,5.2572,1.6464,5.8224,FL-1101173,EU020M,Italy,ITA,1101173,Green,1,2021-11-09T01:00:00,2021-11-11T01:00:00,https://www.gdacs.org/gdacsapi/api/polygons/getgeometry?eventtype=FL&eventid=1101173&episodeid=2,https://www.gdacs.org/report.aspx?eventid=1101173&episodeid=2&eventtype=FL,https://www.gdacs.org/gdacsapi/api/events/geteventdata?eventtype=FL&eventid=1101173,"{'type': 'Point', 'coordinates': [13.1429071762609, 37.6565729]}"
69,Processed,1.2296,2.6544,4.0304,43.85,FL-1101230,EU020M,Belgium,BEL,1101230,Green,1,2022-01-01T01:00:00,2022-01-03T01:00:00,https://www.gdacs.org/gdacsapi/api/polygons/getgeometry?eventtype=FL&eventid=1101230&episodeid=1,https://www.gdacs.org/report.aspx?eventid=1101230&episodeid=1&eventtype=FL,https://www.gdacs.org/gdacsapi/api/events/geteventdata?eventtype=FL&eventid=1101230,"{'type': 'Point', 'coordinates': [5.39918216716456, 50.1545331]}"
70,Processed,1.2736,13.6876,2.3152,22.2768,FL-1101228,EU020M,Austria,AUT,1101228,Green,1,2021-12-30T01:00:00,2022-01-01T01:00:00,https://www.gdacs.org/gdacsapi/api/polygons/getgeometry?eventtype=FL&eventid=1101228&episodeid=1,https://www.gdacs.org/report.aspx?eventid=1101228&episodeid=1&eventtype=FL,https://www.gdacs.org/gdacsapi/api/events/geteventdata?eventtype=FL&eventid=1101228,"{'type': 'Point', 'coordinates': [14.957887, 47.0203661]}"
71,Processed,0.0,0.3116,0.0,1.1376,FL-1101214,OC020M,France,FRA,1101214,Green,1,2021-12-09T01:00:00,2021-12-15T01:00:00,https://www.gdacs.org/gdacsapi/api/polygons/getgeometry?eventtype=FL&eventid=1101214&episodeid=2,https://www.gdacs.org/report.aspx?eventid=1101214&episodeid=2&eventtype=FL,https://www.gdacs.org/gdacsapi/api/events/geteventdata?eventtype=FL&eventid=1101214,"{'type': 'Point', 'coordinates': [164.9786537, -20.940436]}"
72,Processed,129.6768,810.2728,161.6836,1831.6144,FL-1101281,AF020M,France,FRA,1101281,Orange,2,2022-02-01T01:00:00,2022-02-09T13:30:00,https://www.gdacs.org/gdacsapi/api/polygons/getgeometry?eventtype=FL&eventid=1101281&episodeid=1,https://www.gdacs.org/report.aspx?eventid=1101281&episodeid=1&eventtype=FL,https://www.gdacs.org/gdacsapi/api/events/geteventdata?eventtype=FL&eventid=1101281,"{'type': 'Point', 'coordinates': [47.2271831, -18.8040639]}"
73,Processed,10.694,66.138,3.6296,23.8704,FL-1101252,EU020M,Italy,ITA,1101252,Green,1,2022-01-05T01:00:00,2022-01-06T01:00:00,https://www.gdacs.org/gdacsapi/api/polygons/getgeometry?eventtype=FL&eventid=1101252&episodeid=1,https://www.gdacs.org/report.aspx?eventid=1101252&episodeid=1&eventtype=FL,https://www.gdacs.org/gdacsapi/api/events/geteventdata?eventtype=FL&eventid=1101252,"{'type': 'Point', 'coordinates': [11.1389204, 43.4586541]}"
74,Processed,7.9904,16.902,1.6572,67.8488,FL-1101294,EU020M,France,FRA,1101294,Green,1,2022-02-20T01:00:00,2022-02-22T01:00:00,https://www.gdacs.org/gdacsapi/api/polygons/getgeometry?eventtype=FL&eventid=1101294&episodeid=1,https://www.gdacs.org/report.aspx?eventid=1101294&episodeid=1&eventtype=FL,https://www.gdacs.org/gdacsapi/api/events/geteventdata?eventtype=FL&eventid=1101294,"{'type': 'Point', 'coordinates': [-3.44988381235453, 52.45311745]}"
75,Processed,0.0684,2.5684,0.234,2.6328,FL-1101341,EU020M,Italy,ITA,1101341,Green,1,2022-03-30T01:00:00,2022-03-31T01:00:00,https://www.gdacs.org/gdacsapi/api/polygons/getgeometry?eventtype=FL&eventid=1101341&episodeid=1,https://www.gdacs.org/report.aspx?eventid=1101341&episodeid=1&eventtype=FL,https://www.gdacs.org/gdacsapi/api/events/geteventdata?eventtype=FL&eventid=1101341,"{'type': 'Point', 'coordinates': [14.7505935, 40.8552648]}"
76,Processed,0.3932,1.7528,2.296,7.5048,FL-1101319,EU020M,Italy,ITA,1101319,Green,1,2022-03-19T01:00:00,2022-03-21T01:00:00,https://www.gdacs.org/gdacsapi/api/polygons/getgeometry?eventtype=FL&eventid=1101319&episodeid=1,https://www.gdacs.org/report.aspx?eventid=1101319&episodeid=1&eventtype=FL,https://www.gdacs.org/gdacsapi/api/events/geteventdata?eventtype=FL&eventid=1101319,"{'type': 'Point', 'coordinates': [9.5776838, 39.6967569]}"
77,Processed,18.2252,123.1904,30.3484,34.3144,FL-1101310,EU020M,France,FRA,1101310,Green,1,2022-03-08T01:00:00,2022-03-14T01:00:00,https://www.gdacs.org/gdacsapi/api/polygons/getgeometry?eventtype=FL&eventid=1101310&episodeid=2,https://www.gdacs.org/report.aspx?eventid=1101310&episodeid=2&eventtype=FL,https://www.gdacs.org/gdacsapi/api/events/geteventdata?eventtype=FL&eventid=1101310,"{'type': 'Point', 'coordinates': [3.6942986, 43.5158481]}"
78,Processed,1798.3448,2504.9356,1807.5568,2162.5156,FL-1101372,EU020M,France,FRA,1101372,Green,1,2022-04-24T01:00:00,2022-05-05T01:00:00,https://www.gdacs.org/gdacsapi/api/polygons/getgeometry?eventtype=FL&eventid=1101372&episodeid=3,https://www.gdacs.org/report.aspx?eventid=1101372&episodeid=3&eventtype=FL,https://www.gdacs.org/gdacsapi/api/events/geteventdata?eventtype=FL&eventid=1101372,"{'type': 'Point', 'coordinates': [7.5347533, 48.7130797]}"
79,Processed,0.0,15.1124,1.9536,0.9252,FL-1101357,EU020M,Italy,ITA,1101357,Green,1,2022-04-17T01:00:00,2022-04-18T01:00:00,https://www.gdacs.org/gdacsapi/api/polygons/getgeometry?eventtype=FL&eventid=1101357&episodeid=1,https://www.gdacs.org/report.aspx?eventid=1101357&episodeid=1&eventtype=FL,https://www.gdacs.org/gdacsapi/api/events/geteventdata?eventtype=FL&eventid=1101357,"{'type': 'Point', 'coordinates': [13.509349, 38.079351]}"
80,Processed,1.2048,4.714,2.1804,28.4948,FL-1101352,EU020M,France,FRA,1101352,Green,1,2022-04-08T01:00:00,2022-04-10T01:00:00,https://www.gdacs.org/gdacsapi/api/polygons/getgeometry?eventtype=FL&eventid=1101352&episodeid=1,https://www.gdacs.org/report.aspx?eventid=1101352&episodeid=1&eventtype=FL,https://www.gdacs.org/gdacsapi/api/events/geteventdata?eventtype=FL&eventid=1101352,"{'type': 'Point', 'coordinates': [6.1623477, 48.793962]}"
81,Processed,61.638,151.14,118.9272,109.2516,FL-1101445,EU020M,Italy,ITA,1101445,Green,1,2022-05-29T01:00:00,2022-06-09T01:00:00,https://www.gdacs.org/gdacsapi/api/polygons/getgeometry?eventtype=FL&eventid=1101445&episodeid=3,https://www.gdacs.org/report.aspx?eventid=1101445&episodeid=3&eventtype=FL,https://www.gdacs.org/gdacsapi/api/events/geteventdata?eventtype=FL&eventid=1101445,"{'type': 'Point', 'coordinates': [17.0805801245474, 40.54881555]}"
82,Processed,136.8876,477.6244,297.7368,574.7072,FL-1101428,EU020M,Germany,DEU,1101428,Green,1,2022-05-19T01:00:00,2022-05-23T01:00:00,https://www.gdacs.org/gdacsapi/api/polygons/getgeometry?eventtype=FL&eventid=1101428&episodeid=2,https://www.gdacs.org/report.aspx?eventid=1101428&episodeid=2&eventtype=FL,https://www.gdacs.org/gdacsapi/api/events/geteventdata?eventtype=FL&eventid=1101428,"{'type': 'Point', 'coordinates': [10.6977089, 47.5709212]}"
83,Processed,59.3156,354.4248,297.7368,71.4852,FL-1101431,EU020M,Austria,AUT,1101431,Green,1,2022-05-19T01:00:00,2022-05-20T01:00:00,https://www.gdacs.org/gdacsapi/api/polygons/getgeometry?eventtype=FL&eventid=1101431&episodeid=1,https://www.gdacs.org/report.aspx?eventid=1101431&episodeid=1&eventtype=FL,https://www.gdacs.org/gdacsapi/api/events/geteventdata?eventtype=FL&eventid=1101431,"{'type': 'Point', 'coordinates': [14.746611, 47.9019102]}"
84,Processed,4.7116,86.7448,9.734,41.3508,FL-1101421,SA020M,France,FRA,1101421,Green,1,2022-05-15T01:00:00,2022-05-17T01:00:00,https://www.gdacs.org/gdacsapi/api/polygons/getgeometry?eventtype=FL&eventid=1101421&episodeid=2,https://www.gdacs.org/report.aspx?eventid=1101421&episodeid=2&eventtype=FL,https://www.gdacs.org/gdacsapi/api/events/geteventdata?eventtype=FL&eventid=1101421,"{'type': 'Point', 'coordinates': [-52.3340169, 3.1660034]}"
85,Processed,110.6264,410.1512,210.1256,311.7688,FL-1101419,EU020M,Austria,AUT,1101419,Green,1,2022-05-13T01:00:00,2022-05-14T01:00:00,https://www.gdacs.org/gdacsapi/api/polygons/getgeometry?eventtype=FL&eventid=1101419&episodeid=1,https://www.gdacs.org/report.aspx?eventid=1101419&episodeid=1&eventtype=FL,https://www.gdacs.org/gdacsapi/api/events/geteventdata?eventtype=FL&eventid=1101419,"{'type': 'Point', 'coordinates': [12.9893805350161, 48.20162985]}"
86,Processed,0.0,13.7576,0.0,0.1392,FL-1101396,EU020M,Italy,ITA,1101396,Green,1,2022-05-02T01:00:00,2022-05-03T01:00:00,https://www.gdacs.org/gdacsapi/api/polygons/getgeometry?eventtype=FL&eventid=1101396&episodeid=1,https://www.gdacs.org/report.aspx?eventid=1101396&episodeid=1&eventtype=FL,https://www.gdacs.org/gdacsapi/api/events/geteventdata?eventtype=FL&eventid=1101396,"{'type': 'Point', 'coordinates': [16.691548, 41.1084971]}"
87,Processed,1.7756,18.6152,7.744,48.8288,FL-1101505,EU020M,Germany,DEU,1101505,Green,1,2022-06-30T01:00:00,2022-07-01T01:00:00,https://www.gdacs.org/gdacsapi/api/polygons/getgeometry?eventtype=FL&eventid=1101505&episodeid=1,https://www.gdacs.org/report.aspx?eventid=1101505&episodeid=1&eventtype=FL,https://www.gdacs.org/gdacsapi/api/events/geteventdata?eventtype=FL&eventid=1101505,"{'type': 'Point', 'coordinates': [11.0962815, 47.4923741]}"
88,Processed,1.2124,22.4472,0.5664,38.4684,FL-1101482,EU020M,Austria,AUT,1101482,Green,1,2022-06-28T01:00:00,2022-06-29T01:00:00,https://www.gdacs.org/gdacsapi/api/polygons/getgeometry?eventtype=FL&eventid=1101482&episodeid=1,https://www.gdacs.org/report.aspx?eventid=1101482&episodeid=1&eventtype=FL,https://www.gdacs.org/gdacsapi/api/events/geteventdata?eventtype=FL&eventid=1101482,"{'type': 'Point', 'coordinates': [13.6790052866387, 46.6367128]}"
89,Processed,4.4864,20.0576,15.2588,11.1924,FL-1101504,EU020M,France,FRA,1101504,Green,1,2022-06-18T01:00:00,2022-06-19T01:00:00,https://www.gdacs.org/gdacsapi/api/polygons/getgeometry?eventtype=FL&eventid=1101504&episodeid=1,https://www.gdacs.org/report.aspx?eventid=1101504&episodeid=1&eventtype=FL,https://www.gdacs.org/gdacsapi/api/events/geteventdata?eventtype=FL&eventid=1101504,"{'type': 'Point', 'coordinates': [6.7780124, 44.6683282]}"
90,Processed,0.484,7.2732,8.1456,18.4904,FL-1101473,EU020M,France,FRA,1101473,Green,1,2022-06-08T01:00:00,2022-06-09T01:00:00,https://www.gdacs.org/gdacsapi/api/polygons/getgeometry?eventtype=FL&eventid=1101473&episodeid=1,https://www.gdacs.org/report.aspx?eventid=1101473&episodeid=1&eventtype=FL,https://www.gdacs.org/gdacsapi/api/events/geteventdata?eventtype=FL&eventid=1101473,"{'type': 'Point', 'coordinates': [4.56453362955952, 45.8802348]}"
91,Processed,256.1352,374.5496,642.6288,353.3912,FL-1101468,EU020M,Germany,DEU,1101468,Green,1,2022-06-05T01:00:00,2022-06-07T01:00:00,https://www.gdacs.org/gdacsapi/api/polygons/getgeometry?eventtype=FL&eventid=1101468&episodeid=1,https://www.gdacs.org/report.aspx?eventid=1101468&episodeid=1&eventtype=FL,https://www.gdacs.org/gdacsapi/api/events/geteventdata?eventtype=FL&eventid=1101468,"{'type': 'Point', 'coordinates': [7.6605757, 46.2303063]}"
92,Processed,191.7344,648.122,993.2344,224.5192,FL-1101465,EU020M,Belgium,BEL,1101465,Green,1,2022-06-03T01:00:00,2022-06-05T01:00:00,https://www.gdacs.org/gdacsapi/api/polygons/getgeometry?eventtype=FL&eventid=1101465&episodeid=1,https://www.gdacs.org/report.aspx?eventid=1101465&episodeid=1&eventtype=FL,https://www.gdacs.org/gdacsapi/api/events/geteventdata?eventtype=FL&eventid=1101465,"{'type': 'Point', 'coordinates': [-0.649127381200709, 48.1507819]}"
93,Processed,0.7972,30.8344,3.9288,4.9296,FL-1101454,EU020M,Austria,AUT,1101454,Green,1,2022-06-02T01:00:00,2022-06-03T01:00:00,https://www.gdacs.org/gdacsapi/api/polygons/getgeometry?eventtype=FL&eventid=1101454&episodeid=1,https://www.gdacs.org/report.aspx?eventid=1101454&episodeid=1&eventtype=FL,https://www.gdacs.org/gdacsapi/api/events/geteventdata?eventtype=FL&eventid=1101454,"{'type': 'Point', 'coordinates': [14.6340505, 46.6604246]}"
94,Processed,19.6168,92.3692,0.264,157.4128,FL-1101555,EU020M,Italy,ITA,1101555,Green,1,2022-07-23T01:00:00,2022-07-25T01:00:00,https://www.gdacs.org/gdacsapi/api/polygons/getgeometry?eventtype=FL&eventid=1101555&episodeid=1,https://www.gdacs.org/report.aspx?eventid=1101555&episodeid=1&eventtype=FL,https://www.gdacs.org/gdacsapi/api/events/geteventdata?eventtype=FL&eventid=1101555,"{'type': 'Point', 'coordinates': [11.8360278, 46.243723]}"
95,Processed,0.6532,245.7232,0.3412,33.8468,FL-1101558,EU020M,Austria,AUT,1101558,Green,1,2022-07-22T01:00:00,2022-07-24T01:00:00,https://www.gdacs.org/gdacsapi/api/polygons/getgeometry?eventtype=FL&eventid=1101558&episodeid=1,https://www.gdacs.org/report.aspx?eventid=1101558&episodeid=1&eventtype=FL,https://www.gdacs.org/gdacsapi/api/events/geteventdata?eventtype=FL&eventid=1101558,"{'type': 'Point', 'coordinates': [11.3490587, 47.1530974]}"
96,Processed,0.0164,59.9976,0.2908,6.6236,FL-1101549,EU020M,Germany,DEU,1101549,Green,1,2022-07-20T01:00:00,2022-07-21T01:00:00,https://www.gdacs.org/gdacsapi/api/polygons/getgeometry?eventtype=FL&eventid=1101549&episodeid=1,https://www.gdacs.org/report.aspx?eventid=1101549&episodeid=1&eventtype=FL,https://www.gdacs.org/gdacsapi/api/events/geteventdata?eventtype=FL&eventid=1101549,"{'type': 'Point', 'coordinates': [8.3594916, 48.6790385]}"
97,Processed,0.1224,11.1192,0.394,14.4332,FL-1101516,EU020M,Switzerland,CHE,1101516,Green,1,2022-07-04T01:00:00,2022-07-05T01:00:00,https://www.gdacs.org/gdacsapi/api/polygons/getgeometry?eventtype=FL&eventid=1101516&episodeid=1,https://www.gdacs.org/report.aspx?eventid=1101516&episodeid=1&eventtype=FL,https://www.gdacs.org/gdacsapi/api/events/geteventdata?eventtype=FL&eventid=1101516,"{'type': 'Point', 'coordinates': [7.8610673, 46.8277309]}"
98,Processed,9.2856,92.1052,13.6724,55.144,FL-1101629,EU020M,Italy,ITA,1101629,Green,1,2022-09-01T01:00:00,2022-09-22T01:00:00,https://www.gdacs.org/gdacsapi/api/polygons/getgeometry?eventtype=FL&eventid=1101629&episodeid=4,https://www.gdacs.org/report.aspx?eventid=1101629&episodeid=4&eventtype=FL,https://www.gdacs.org/gdacsapi/api/events/geteventdata?eventtype=FL&eventid=1101629,"{'type': 'Point', 'coordinates': [15.6397556, 38.1035389]}"
99,Processed,8.1972,244.1572,18.6196,105.0408,FL-1101627,EU020M,Luxembourg,LUX,1101627,Green,1,2022-08-31T01:00:00,2022-09-01T01:00:00,https://www.gdacs.org/gdacsapi/api/polygons/getgeometry?eventtype=FL&eventid=1101627&episodeid=1,https://www.gdacs.org/report.aspx?eventid=1101627&episodeid=1&eventtype=FL,https://www.gdacs.org/gdacsapi/api/events/geteventdata?eventtype=FL&eventid=1101627,"{'type': 'Point', 'coordinates': [6.1296751, 49.8158683]}"
100,Processed,0.0,8.0752,0.0,3.6808,FL-1101579,SA020M,France,FRA,1101579,Green,1,2022-08-04T01:00:00,2022-08-23T01:00:00,https://www.gdacs.org/gdacsapi/api/polygons/getgeometry?eventtype=FL&eventid=1101579&episodeid=4,https://www.gdacs.org/report.aspx?eventid=1101579&episodeid=4&eventtype=FL,https://www.gdacs.org/gdacsapi/api/events/geteventdata?eventtype=FL&eventid=1101579,"{'type': 'Point', 'coordinates': [-61.5686855, 16.2528827]}"
101,Processed,0.3268,32.7724,2.5648,27.0508,FL-1101602,EU020M,Austria,AUT,1101602,Green,1,2022-08-19T01:00:00,2022-08-21T01:00:00,https://www.gdacs.org/gdacsapi/api/polygons/getgeometry?eventtype=FL&eventid=1101602&episodeid=1,https://www.gdacs.org/report.aspx?eventid=1101602&episodeid=1&eventtype=FL,https://www.gdacs.org/gdacsapi/api/events/geteventdata?eventtype=FL&eventid=1101602,"{'type': 'Point', 'coordinates': [12.1029936067905, 49.01487865]}"
102,Processed,88.9568,718.28,257.74,74.4428,FL-1101597,EU020M,Belgium,BEL,1101597,Green,1,2022-08-17T01:00:00,2022-08-18T01:00:00,https://www.gdacs.org/gdacsapi/api/polygons/getgeometry?eventtype=FL&eventid=1101597&episodeid=1,https://www.gdacs.org/report.aspx?eventid=1101597&episodeid=1&eventtype=FL,https://www.gdacs.org/gdacsapi/api/events/geteventdata?eventtype=FL&eventid=1101597,"{'type': 'Point', 'coordinates': [3.7250121, 51.0538286]}"
103,Processed,14.4048,279.7232,46.0604,54.8056,FL-1101598,EU020M,Germany,DEU,1101598,Green,1,2022-08-17T01:00:00,2022-08-18T01:00:00,https://www.gdacs.org/gdacsapi/api/polygons/getgeometry?eventtype=FL&eventid=1101598&episodeid=1,https://www.gdacs.org/report.aspx?eventid=1101598&episodeid=1&eventtype=FL,https://www.gdacs.org/gdacsapi/api/events/geteventdata?eventtype=FL&eventid=1101598,"{'type': 'Point', 'coordinates': [10.2100468936634, 53.4838384]}"
104,Processed,1.674,69.1048,1.4836,16.2528,FL-1101599,EU020M,Italy,ITA,1101599,Green,1,2022-08-16T01:00:00,2022-08-18T01:00:00,https://www.gdacs.org/gdacsapi/api/polygons/getgeometry?eventtype=FL&eventid=1101599&episodeid=1,https://www.gdacs.org/report.aspx?eventid=1101599&episodeid=1&eventtype=FL,https://www.gdacs.org/gdacsapi/api/events/geteventdata?eventtype=FL&eventid=1101599,"{'type': 'Point', 'coordinates': [9.13782508282603, 45.03685465]}"
105,Processed,0.1712,1.0792,0.6312,5.2416,FL-1101580,EU020M,Italy,ITA,1101580,Green,1,2022-08-07T01:00:00,2022-08-08T01:00:00,https://www.gdacs.org/gdacsapi/api/polygons/getgeometry?eventtype=FL&eventid=1101580&episodeid=1,https://www.gdacs.org/report.aspx?eventid=1101580&episodeid=1&eventtype=FL,https://www.gdacs.org/gdacsapi/api/events/geteventdata?eventtype=FL&eventid=1101580,"{'type': 'Point', 'coordinates': [14.0631618, 37.4899412]}"
106,Processed,0.3972,4.9056,0.604,38.9312,FL-1101689,EU020M,Germany,DEU,1101689,Green,1,2022-10-01T01:00:00,2022-10-02T01:00:00,https://www.gdacs.org/gdacsapi/api/polygons/getgeometry?eventtype=FL&eventid=1101689&episodeid=1,https://www.gdacs.org/report.aspx?eventid=1101689&episodeid=1&eventtype=FL,https://www.gdacs.org/gdacsapi/api/events/geteventdata?eventtype=FL&eventid=1101689,"{'type': 'Point', 'coordinates': [9.2924223, 50.2544683]}"
107,Processed,3.2308,56.1572,2.7816,100.136,FL-1101683,EU020M,France,FRA,1101683,Green,1,2022-09-28T01:00:00,2022-09-30T01:00:00,https://www.gdacs.org/gdacsapi/api/polygons/getgeometry?eventtype=FL&eventid=1101683&episodeid=1,https://www.gdacs.org/report.aspx?eventid=1101683&episodeid=1&eventtype=FL,https://www.gdacs.org/gdacsapi/api/events/geteventdata?eventtype=FL&eventid=1101683,"{'type': 'Point', 'coordinates': [-0.728247400084667, 43.18718655]}"
108,Processed,0.0376,5.7908,0.0,0.8976,FL-1101640,SA020M,France,FRA,1101640,Green,1,2022-09-06T01:00:00,2022-09-18T01:00:00,https://www.gdacs.org/gdacsapi/api/polygons/getgeometry?eventtype=FL&eventid=1101640&episodeid=3,https://www.gdacs.org/report.aspx?eventid=1101640&episodeid=3&eventtype=FL,https://www.gdacs.org/gdacsapi/api/events/geteventdata?eventtype=FL&eventid=1101640,"{'type': 'Point', 'coordinates': [-61.7333373, 16.0000778]}"
109,Processed,35.8084,57.374,36.7344,47.3844,FL-1101650,EU020M,Netherlands,NLD,1101650,Green,1,2022-09-10T01:00:00,2022-09-11T01:00:00,https://www.gdacs.org/gdacsapi/api/polygons/getgeometry?eventtype=FL&eventid=1101650&episodeid=1,https://www.gdacs.org/report.aspx?eventid=1101650&episodeid=1&eventtype=FL,https://www.gdacs.org/gdacsapi/api/events/geteventdata?eventtype=FL&eventid=1101650,"{'type': 'Point', 'coordinates': [3.6136962, 51.4997302]}"
110,Processed,0.1032,6.4956,1.5344,21.9932,FL-1101648,EU020M,Switzerland,CHE,1101648,Green,1,2022-09-07T01:00:00,2022-09-09T01:00:00,https://www.gdacs.org/gdacsapi/api/polygons/getgeometry?eventtype=FL&eventid=1101648&episodeid=1,https://www.gdacs.org/report.aspx?eventid=1101648&episodeid=1&eventtype=FL,https://www.gdacs.org/gdacsapi/api/events/geteventdata?eventtype=FL&eventid=1101648,"{'type': 'Point', 'coordinates': [7.1027113, 46.6789116]}"
111,Processed,38.7904,201.9724,80.3616,322.1024,FL-1101636,EU020M,Germany,DEU,1101636,Green,1,2022-09-03T01:00:00,2022-09-07T01:00:00,https://www.gdacs.org/gdacsapi/api/polygons/getgeometry?eventtype=FL&eventid=1101636&episodeid=2,https://www.gdacs.org/report.aspx?eventid=1101636&episodeid=2&eventtype=FL,https://www.gdacs.org/gdacsapi/api/events/geteventdata?eventtype=FL&eventid=1101636,"{'type': 'Point', 'coordinates': [12.876521200000001, 50.7552034]}"
112,Processed,3.298,188.2268,4.7428,40.0184,FL-1101725,EU020M,France,FRA,1101725,Green,1,2022-11-01T01:00:00,2022-11-15T01:00:00,https://www.gdacs.org/gdacsapi/api/polygons/getgeometry?eventtype=FL&eventid=1101725&episodeid=3,https://www.gdacs.org/report.aspx?eventid=1101725&episodeid=3&eventtype=FL,https://www.gdacs.org/gdacsapi/api/events/geteventdata?eventtype=FL&eventid=1101725,"{'type': 'Point', 'coordinates': [3.35533093640959, 43.591422]}"
113,Processed,2.4692,4.5388,4.5072,5.626,FL-1101757,EU020M,Italy,ITA,1101757,Green,1,2022-11-26T19:00:00,2022-12-05T01:00:00,https://www.gdacs.org/gdacsapi/api/polygons/getgeometry?eventtype=FL&eventid=1101757&episodeid=3,https://www.gdacs.org/report.aspx?eventid=1101757&episodeid=3&eventtype=FL,https://www.gdacs.org/gdacsapi/api/events/geteventdata?eventtype=FL&eventid=1101757,"{'type': 'Point', 'coordinates': [16.4315568762783, 38.82996035]}"
114,Processed,0.0456,2.1716,0.3348,4.6632,FL-1101743,EU020M,Italy,ITA,1101743,Green,1,2022-11-12T01:00:00,2022-11-14T01:00:00,https://www.gdacs.org/gdacsapi/api/polygons/getgeometry?eventtype=FL&eventid=1101743&episodeid=1,https://www.gdacs.org/report.aspx?eventid=1101743&episodeid=1&eventtype=FL,https://www.gdacs.org/gdacsapi/api/events/geteventdata?eventtype=FL&eventid=1101743,"{'type': 'Point', 'coordinates': [15.0914773, 36.7152093]}"
115,Processed,23.9492,8.3048,37.5936,37.614,FL-1101799,EU020M,France,FRA,1101799,Green,1,2022-12-30T01:00:00,2023-01-02T01:00:00,https://www.gdacs.org/gdacsapi/api/polygons/getgeometry?eventtype=FL&eventid=1101799&episodeid=1,https://www.gdacs.org/report.aspx?eventid=1101799&episodeid=1&eventtype=FL,https://www.gdacs.org/gdacsapi/api/events/geteventdata?eventtype=FL&eventid=1101799,"{'type': 'Point', 'coordinates': [-3.5505644, 47.8692882]}"
116,Processed,0.5964,0.4924,1.0112,4.0364,FL-1101773,EU020M,France,FRA,1101773,Green,1,2022-12-03T01:00:00,2022-12-04T01:00:00,https://www.gdacs.org/gdacsapi/api/polygons/getgeometry?eventtype=FL&eventid=1101773&episodeid=1,https://www.gdacs.org/report.aspx?eventid=1101773&episodeid=1&eventtype=FL,https://www.gdacs.org/gdacsapi/api/events/geteventdata?eventtype=FL&eventid=1101773,"{'type': 'Point', 'coordinates': [9.5069988, 42.444114]}"
117,Processed,72.2048,183.366,99.0736,39.7332,FL-1101831,EU020M,Italy,ITA,1101831,Green,1,2023-01-22T01:00:00,2023-01-28T01:00:00,https://www.gdacs.org/gdacsapi/api/polygons/getgeometry?eventtype=FL&eventid=1101831&episodeid=2,https://www.gdacs.org/report.aspx?eventid=1101831&episodeid=2&eventtype=FL,https://www.gdacs.org/gdacsapi/api/events/geteventdata?eventtype=FL&eventid=1101831,"{'type': 'Point', 'coordinates': [16.4162585, 41.275088]}"
118,Processed,11.9496,24.3768,24.5108,19.4124,FL-1101807,EU020M,Italy,ITA,1101807,Green,1,2023-01-08T01:00:00,2023-01-18T01:00:00,https://www.gdacs.org/gdacsapi/api/polygons/getgeometry?eventtype=FL&eventid=1101807&episodeid=2,https://www.gdacs.org/report.aspx?eventid=1101807&episodeid=2&eventtype=FL,https://www.gdacs.org/gdacsapi/api/events/geteventdata?eventtype=FL&eventid=1101807,"{'type': 'Point', 'coordinates': [14.7594542, 40.6803601]}"
119,Processed,19.2944,13.5644,24.5688,45.6884,FL-1101815,EU020M,Germany,DEU,1101815,Green,1,2023-01-12T01:00:00,2023-01-15T01:00:00,https://www.gdacs.org/gdacsapi/api/polygons/getgeometry?eventtype=FL&eventid=1101815&episodeid=1,https://www.gdacs.org/report.aspx?eventid=1101815&episodeid=1&eventtype=FL,https://www.gdacs.org/gdacsapi/api/events/geteventdata?eventtype=FL&eventid=1101815,"{'type': 'Point', 'coordinates': [7.72742655503733, 51.27348575]}"
120,Processed,0.8588,4.2356,7.082,2.0228,FL-1101877,EU020M,Italy,ITA,1101877,Green,1,2023-02-27T01:00:00,2023-02-28T01:00:00,https://www.gdacs.org/gdacsapi/api/polygons/getgeometry?eventtype=FL&eventid=1101877&episodeid=1,https://www.gdacs.org/report.aspx?eventid=1101877&episodeid=1&eventtype=FL,https://www.gdacs.org/gdacsapi/api/events/geteventdata?eventtype=FL&eventid=1101877,"{'type': 'Point', 'coordinates': [18.1718482, 40.3570373]}"
121,Processed,11.784,13.5132,20.59,42.8328,FL-1101874,EU020M,Germany,DEU,1101874,Green,1,2023-02-24T01:00:00,2023-02-26T01:00:00,https://www.gdacs.org/gdacsapi/api/polygons/getgeometry?eventtype=FL&eventid=1101874&episodeid=1,https://www.gdacs.org/report.aspx?eventid=1101874&episodeid=1&eventtype=FL,https://www.gdacs.org/gdacsapi/api/events/geteventdata?eventtype=FL&eventid=1101874,"{'type': 'Point', 'coordinates': [12.1239434, 54.1018942]}"
122,Processed,50.7636,84.3228,156.9232,90.7268,FL-1101871,AF020M,France,FRA,1101871,Green,1,2023-02-20T01:00:00,2023-02-22T01:00:00,https://www.gdacs.org/gdacsapi/api/polygons/getgeometry?eventtype=FL&eventid=1101871&episodeid=1,https://www.gdacs.org/report.aspx?eventid=1101871&episodeid=1&eventtype=FL,https://www.gdacs.org/gdacsapi/api/events/geteventdata?eventtype=FL&eventid=1101871,"{'type': 'Point', 'coordinates': [57.5703566, -20.2759451]}"
123,Processed,47.1844,79.0632,59.2336,94.1788,FL-1101904,EU020M,France,FRA,1101904,Green,1,2023-03-23T01:00:00,2023-03-24T01:00:00,https://www.gdacs.org/gdacsapi/api/polygons/getgeometry?eventtype=FL&eventid=1101904&episodeid=1,https://www.gdacs.org/report.aspx?eventid=1101904&episodeid=1&eventtype=FL,https://www.gdacs.org/gdacsapi/api/events/geteventdata?eventtype=FL&eventid=1101904,"{'type': 'Point', 'coordinates': [-2.9202408, 48.2640845]}"
124,Processed,10.8316,2.5136,22.5524,19.3744,FL-1101884,EU020M,France,FRA,1101884,Green,1,2023-03-08T01:00:00,2023-03-10T01:00:00,https://www.gdacs.org/gdacsapi/api/polygons/getgeometry?eventtype=FL&eventid=1101884&episodeid=1,https://www.gdacs.org/report.aspx?eventid=1101884&episodeid=1&eventtype=FL,https://www.gdacs.org/gdacsapi/api/events/geteventdata?eventtype=FL&eventid=1101884,"{'type': 'Point', 'coordinates': [-3.3660907, 47.7477336]}"
125,Processed,72.9836,167.276,86.7468,74.2232,FL-1101976,EU020M,Italy,ITA,1101976,Green,1,2023-05-01T01:00:00,2023-05-26T01:00:00,https://www.gdacs.org/gdacsapi/api/polygons/getgeometry?eventtype=FL&eventid=1101976&episodeid=8,https://www.gdacs.org/report.aspx?eventid=1101976&episodeid=8&eventtype=FL,https://www.gdacs.org/gdacsapi/api/events/geteventdata?eventtype=FL&eventid=1101976,"{'type': 'Point', 'coordinates': [14.7505935, 40.8552648]}"
126,Processed,679.932,784.7012,632.2216,2103.5408,FL-1101974,EU020M,France,FRA,1101974,Green,1,2023-04-30T01:00:00,2023-05-14T01:00:00,https://www.gdacs.org/gdacsapi/api/polygons/getgeometry?eventtype=FL&eventid=1101974&episodeid=4,https://www.gdacs.org/report.aspx?eventid=1101974&episodeid=4&eventtype=FL,https://www.gdacs.org/gdacsapi/api/events/geteventdata?eventtype=FL&eventid=1101974,"{'type': 'Point', 'coordinates': [-1.5504787, 43.3557594]}"
127,Processed,186.5016,382.9272,298.944,467.004,FL-1101969,EU020M,Austria,AUT,1101969,Green,1,2023-04-29T01:00:00,2023-05-03T01:00:00,https://www.gdacs.org/gdacsapi/api/polygons/getgeometry?eventtype=FL&eventid=1101969&episodeid=2,https://www.gdacs.org/report.aspx?eventid=1101969&episodeid=2&eventtype=FL,https://www.gdacs.org/gdacsapi/api/events/geteventdata?eventtype=FL&eventid=1101969,"{'type': 'Point', 'coordinates': [9.7513786, 47.554821]}"
128,Processed,6.5708,464.8992,8.3544,52.0244,FL-1101950,SA020M,France,FRA,1101950,Green,1,2023-04-17T01:00:00,2023-04-19T01:00:00,https://www.gdacs.org/gdacsapi/api/polygons/getgeometry?eventtype=FL&eventid=1101950&episodeid=1,https://www.gdacs.org/report.aspx?eventid=1101950&episodeid=1&eventtype=FL,https://www.gdacs.org/gdacsapi/api/events/geteventdata?eventtype=FL&eventid=1101950,"{'type': 'Point', 'coordinates': [-53.0451119, 5.0635731]}"
129,Processed,13.706,103.9036,20.8108,47.5424,FL-1101944,EU020M,Italy,ITA,1101944,Green,1,2023-04-15T01:00:00,2023-04-17T01:00:00,https://www.gdacs.org/gdacsapi/api/polygons/getgeometry?eventtype=FL&eventid=1101944&episodeid=1,https://www.gdacs.org/report.aspx?eventid=1101944&episodeid=1&eventtype=FL,https://www.gdacs.org/gdacsapi/api/events/geteventdata?eventtype=FL&eventid=1101944,"{'type': 'Point', 'coordinates': [12.5536789, 41.9121456]}"
130,Processed,90.7656,18.0648,146.1676,907.1596,FL-1101943,EU020M,Austria,AUT,1101943,Green,1,2023-04-14T01:00:00,2023-04-16T01:00:00,https://www.gdacs.org/gdacsapi/api/polygons/getgeometry?eventtype=FL&eventid=1101943&episodeid=1,https://www.gdacs.org/report.aspx?eventid=1101943&episodeid=1&eventtype=FL,https://www.gdacs.org/gdacsapi/api/events/geteventdata?eventtype=FL&eventid=1101943,"{'type': 'Point', 'coordinates': [15.1604113753399, 47.99771495]}"
131,Processed,101.5316,162.8636,4.8448,346.6508,FL-1101930,EU020M,Italy,ITA,1101930,Green,1,2023-04-03T01:00:00,2023-04-06T01:00:00,https://www.gdacs.org/gdacsapi/api/polygons/getgeometry?eventtype=FL&eventid=1101930&episodeid=1,https://www.gdacs.org/report.aspx?eventid=1101930&episodeid=1&eventtype=FL,https://www.gdacs.org/gdacsapi/api/events/geteventdata?eventtype=FL&eventid=1101930,"{'type': 'Point', 'coordinates': [16.5778956, 39.616315]}"
132,Processed,90.0172,557.2116,134.7956,618.0408,FL-1102020,EU020M,Germany,DEU,1102020,Green,1,2023-05-22T01:00:00,2023-05-24T01:00:00,https://www.gdacs.org/gdacsapi/api/polygons/getgeometry?eventtype=FL&eventid=1102020&episodeid=1,https://www.gdacs.org/report.aspx?eventid=1102020&episodeid=1&eventtype=FL,https://www.gdacs.org/gdacsapi/api/events/geteventdata?eventtype=FL&eventid=1102020,"{'type': 'Point', 'coordinates': [7.8439105, 51.0294497]}"
133,Processed,272.7244,454.1012,488.7928,598.7772,FL-1101991,EU020M,Austria,AUT,1101991,Green,1,2023-05-10T01:00:00,2023-05-24T01:00:00,https://www.gdacs.org/gdacsapi/api/polygons/getgeometry?eventtype=FL&eventid=1101991&episodeid=3,https://www.gdacs.org/report.aspx?eventid=1101991&episodeid=3&eventtype=FL,https://www.gdacs.org/gdacsapi/api/events/geteventdata?eventtype=FL&eventid=1101991,"{'type': 'Point', 'coordinates': [15.4382786, 47.0708678]}"
134,Processed,297.4264,465.8656,607.0688,648.4432,FL-1102019,EU020M,France,FRA,1102019,Green,1,2023-05-22T01:00:00,2023-05-23T01:00:00,https://www.gdacs.org/gdacsapi/api/polygons/getgeometry?eventtype=FL&eventid=1102019&episodeid=1,https://www.gdacs.org/report.aspx?eventid=1102019&episodeid=1&eventtype=FL,https://www.gdacs.org/gdacsapi/api/events/geteventdata?eventtype=FL&eventid=1102019,"{'type': 'Point', 'coordinates': [1.7706797, 45.2678347]}"
135,Processed,32.6772,148.9212,76.5576,64.7564,FL-1101987,EU020M,Germany,DEU,1101987,Green,1,2023-05-07T01:00:00,2023-05-09T01:00:00,https://www.gdacs.org/gdacsapi/api/polygons/getgeometry?eventtype=FL&eventid=1101987&episodeid=1,https://www.gdacs.org/report.aspx?eventid=1101987&episodeid=1&eventtype=FL,https://www.gdacs.org/gdacsapi/api/events/geteventdata?eventtype=FL&eventid=1101987,"{'type': 'Point', 'coordinates': [8.8557862, 48.2737512]}"
136,Processed,0.6272,3.5136,1.744,4.8328,FL-1102091,EU020M,Italy,ITA,1102091,Green,1,2023-06-25T01:00:00,2023-06-27T01:00:00,https://www.gdacs.org/gdacsapi/api/polygons/getgeometry?eventtype=FL&eventid=1102091&episodeid=1,https://www.gdacs.org/report.aspx?eventid=1102091&episodeid=1&eventtype=FL,https://www.gdacs.org/gdacsapi/api/events/geteventdata?eventtype=FL&eventid=1102091,"{'type': 'Point', 'coordinates': [16.170695, 39.002487]}"
137,Processed,9.9568,283.2956,18.8084,206.0416,FL-1102084,EU020M,Germany,DEU,1102084,Green,1,2023-06-21T01:00:00,2023-06-26T01:00:00,https://www.gdacs.org/gdacsapi/api/polygons/getgeometry?eventtype=FL&eventid=1102084&episodeid=2,https://www.gdacs.org/report.aspx?eventid=1102084&episodeid=2&eventtype=FL,https://www.gdacs.org/gdacsapi/api/events/geteventdata?eventtype=FL&eventid=1102084,"{'type': 'Point', 'coordinates': [13.2461296, 52.8455492]}"
138,Processed,1.14,49.2888,6.5924,19.5536,FL-1102082,EU020M,Belgium,BEL,1102082,Green,1,2023-06-20T01:00:00,2023-06-22T01:00:00,https://www.gdacs.org/gdacsapi/api/polygons/getgeometry?eventtype=FL&eventid=1102082&episodeid=1,https://www.gdacs.org/report.aspx?eventid=1102082&episodeid=1&eventtype=FL,https://www.gdacs.org/gdacsapi/api/events/geteventdata?eventtype=FL&eventid=1102082,"{'type': 'Point', 'coordinates': [4.12521697599374, 50.36192]}"
139,Processed,2.022,4.6868,1.896,11.848,FL-1102083,EU020M,France,FRA,1102083,Green,1,2023-06-20T01:00:00,2023-06-22T01:00:00,https://www.gdacs.org/gdacsapi/api/polygons/getgeometry?eventtype=FL&eventid=1102083&episodeid=1,https://www.gdacs.org/report.aspx?eventid=1102083&episodeid=1&eventtype=FL,https://www.gdacs.org/gdacsapi/api/events/geteventdata?eventtype=FL&eventid=1102083,"{'type': 'Point', 'coordinates': [0.3745929, 43.9564563]}"
140,Processed,29.1316,266.572,171.5812,57.9464,FL-1102046,EU020M,France,FRA,1102046,Green,1,2023-06-03T01:00:00,2023-06-05T01:00:00,https://www.gdacs.org/gdacsapi/api/polygons/getgeometry?eventtype=FL&eventid=1102046&episodeid=1,https://www.gdacs.org/report.aspx?eventid=1102046&episodeid=1&eventtype=FL,https://www.gdacs.org/gdacsapi/api/events/geteventdata?eventtype=FL&eventid=1102046,"{'type': 'Point', 'coordinates': [4.8320114, 45.7578137]}"
141,Processed,0.0,11.9852,0.0,2.6052,FL-1102127,SA020M,France,FRA,1102127,Green,1,2023-07-11T01:00:00,2023-07-13T01:00:00,https://www.gdacs.org/gdacsapi/api/polygons/getgeometry?eventtype=FL&eventid=1102127&episodeid=1,https://www.gdacs.org/report.aspx?eventid=1102127&episodeid=1&eventtype=FL,https://www.gdacs.org/gdacsapi/api/events/geteventdata?eventtype=FL&eventid=1102127,"{'type': 'Point', 'coordinates': [-61.16335, 14.6728531]}"
142,Processed,0.6292,15.4128,4.8372,13.4768,FL-1102124,EU020M,Italy,ITA,1102124,Green,1,2023-07-05T01:00:00,2023-07-07T01:00:00,https://www.gdacs.org/gdacsapi/api/polygons/getgeometry?eventtype=FL&eventid=1102124&episodeid=1,https://www.gdacs.org/report.aspx?eventid=1102124&episodeid=1&eventtype=FL,https://www.gdacs.org/gdacsapi/api/events/geteventdata?eventtype=FL&eventid=1102124,"{'type': 'Point', 'coordinates': [9.7323783, 45.722665]}"
143,Processed,4.528,72.7576,19.952,126.0472,FL-1102179,EU020M,Italy,ITA,1102179,Green,1,2023-08-13T01:00:00,2023-08-25T01:00:00,https://www.gdacs.org/gdacsapi/api/polygons/getgeometry?eventtype=FL&eventid=1102179&episodeid=4,https://www.gdacs.org/report.aspx?eventid=1102179&episodeid=4&eventtype=FL,https://www.gdacs.org/gdacsapi/api/events/geteventdata?eventtype=FL&eventid=1102179,"{'type': 'Point', 'coordinates': [6.858975, 44.9404829]}"
144,Processed,0.4524,3.6332,0.7752,29.9804,FL-1102184,EU020M,Germany,DEU,1102184,Green,1,2023-08-15T01:00:00,2023-08-16T01:00:00,https://www.gdacs.org/gdacsapi/api/polygons/getgeometry?eventtype=FL&eventid=1102184&episodeid=1,https://www.gdacs.org/report.aspx?eventid=1102184&episodeid=1&eventtype=FL,https://www.gdacs.org/gdacsapi/api/events/geteventdata?eventtype=FL&eventid=1102184,"{'type': 'Point', 'coordinates': [7.52435320757235, 51.03461315]}"
145,Processed,43.7252,39.8616,51.906,72.9168,FL-1102167,EU020M,Austria,AUT,1102167,Green,1,2023-08-03T01:00:00,2023-08-13T01:00:00,https://www.gdacs.org/gdacsapi/api/polygons/getgeometry?eventtype=FL&eventid=1102167&episodeid=2,https://www.gdacs.org/report.aspx?eventid=1102167&episodeid=2&eventtype=FL,https://www.gdacs.org/gdacsapi/api/events/geteventdata?eventtype=FL&eventid=1102167,"{'type': 'Point', 'coordinates': [10.7348684537834, 46.9470059]}"
146,Processed,1.87,16.6412,9.3536,29.0708,FL-1102210,EU020M,France,FRA,1102210,Green,1,2023-09-12T01:00:00,2023-09-18T01:00:00,https://www.gdacs.org/gdacsapi/api/polygons/getgeometry?eventtype=FL&eventid=1102210&episodeid=2,https://www.gdacs.org/report.aspx?eventid=1102210&episodeid=2&eventtype=FL,https://www.gdacs.org/gdacsapi/api/events/geteventdata?eventtype=FL&eventid=1102210,"{'type': 'Point', 'coordinates': [3.7329918, 43.7914507]}"
147,Processed,53.3328,43.4736,73.5284,94.5928,FL-1102306,EU020M,France,FRA,1102306,Green,1,2023-11-01T01:00:00,2023-11-06T01:00:00,https://www.gdacs.org/gdacsapi/api/polygons/getgeometry?eventtype=FL&eventid=1102306&episodeid=3,https://www.gdacs.org/report.aspx?eventid=1102306&episodeid=3&eventtype=FL,https://www.gdacs.org/gdacsapi/api/events/geteventdata?eventtype=FL&eventid=1102306,"{'type': 'Point', 'coordinates': [2.258007849774, 50.5144061]}"
148,Processed,7.41,38.5312,9.1048,35.6552,FL-1102301,EU020M,Italy,ITA,1102301,Green,1,2023-10-30T01:00:00,2023-11-04T01:00:00,https://www.gdacs.org/gdacsapi/api/polygons/getgeometry?eventtype=FL&eventid=1102301&episodeid=2,https://www.gdacs.org/report.aspx?eventid=1102301&episodeid=2&eventtype=FL,https://www.gdacs.org/gdacsapi/api/events/geteventdata?eventtype=FL&eventid=1102301,"{'type': 'Point', 'coordinates': [10.896283, 43.8163799]}"
149,Processed,0.9488,7.6296,3.2192,21.3472,FL-1102304,EU020M,Austria,AUT,1102304,Green,1,2023-10-30T01:00:00,2023-10-31T01:00:00,https://www.gdacs.org/gdacsapi/api/polygons/getgeometry?eventtype=FL&eventid=1102304&episodeid=1,https://www.gdacs.org/report.aspx?eventid=1102304&episodeid=1&eventtype=FL,https://www.gdacs.org/gdacsapi/api/events/geteventdata?eventtype=FL&eventid=1102304,"{'type': 'Point', 'coordinates': [11.4798884, 47.0380876]}"
150,Processed,3.874,151.9884,1.4484,47.0868,FL-1102277,EU020M,Italy,ITA,1102277,Green,1,2023-10-16T01:00:00,2023-10-25T01:00:00,https://www.gdacs.org/gdacsapi/api/polygons/getgeometry?eventtype=FL&eventid=1102277&episodeid=3,https://www.gdacs.org/report.aspx?eventid=1102277&episodeid=3&eventtype=FL,https://www.gdacs.org/gdacsapi/api/events/geteventdata?eventtype=FL&eventid=1102277,"{'type': 'Point', 'coordinates': [9.158863, 44.349247]}"
151,Processed,10.1984,25.6908,15.8316,30.2252,FL-1102290,EU020M,Germany,DEU,1102290,Green,1,2023-10-20T01:00:00,2023-10-22T01:00:00,https://www.gdacs.org/gdacsapi/api/polygons/getgeometry?eventtype=FL&eventid=1102290&episodeid=1,https://www.gdacs.org/report.aspx?eventid=1102290&episodeid=1&eventtype=FL,https://www.gdacs.org/gdacsapi/api/events/geteventdata?eventtype=FL&eventid=1102290,"{'type': 'Point', 'coordinates': [9.9327513, 54.63008]}"
152,Processed,16.2704,67.018,23.516,31.6036,FL-1102388,EU020M,Italy,ITA,1102388,Green,1,2023-12-01T01:00:00,2023-12-15T01:00:00,https://www.gdacs.org/gdacsapi/api/polygons/getgeometry?eventtype=FL&eventid=1102388&episodeid=2,https://www.gdacs.org/report.aspx?eventid=1102388&episodeid=2&eventtype=FL,https://www.gdacs.org/gdacsapi/api/events/geteventdata?eventtype=FL&eventid=1102388,"{'type': 'Point', 'coordinates': [11.0965311, 43.9804499]}"
153,Processed,0.098,11.0048,0.2116,1.2328,FL-1102350,EU020M,Italy,ITA,1102350,Green,1,2023-11-21T01:00:00,2023-11-23T01:00:00,https://www.gdacs.org/gdacsapi/api/polygons/getgeometry?eventtype=FL&eventid=1102350&episodeid=1,https://www.gdacs.org/report.aspx?eventid=1102350&episodeid=1&eventtype=FL,https://www.gdacs.org/gdacsapi/api/events/geteventdata?eventtype=FL&eventid=1102350,"{'type': 'Point', 'coordinates': [14.2914819, 42.4168011]}"
154,Processed,49.6476,73.0796,56.7212,58.6524,FL-1102335,EU020M,France,FRA,1102335,Green,1,2023-11-14T01:00:00,2023-11-16T01:00:00,https://www.gdacs.org/gdacsapi/api/polygons/getgeometry?eventtype=FL&eventid=1102335&episodeid=1,https://www.gdacs.org/report.aspx?eventid=1102335&episodeid=1&eventtype=FL,https://www.gdacs.org/gdacsapi/api/events/geteventdata?eventtype=FL&eventid=1102335,"{'type': 'Point', 'coordinates': [6.3445369915871, 46.06882085]}"
155,Processed,38.6356,73.0796,54.41,58.6524,FL-1102336,EU020M,Germany,DEU,1102336,Green,1,2023-11-14T01:00:00,2023-11-16T01:00:00,https://www.gdacs.org/gdacsapi/api/polygons/getgeometry?eventtype=FL&eventid=1102336&episodeid=1,https://www.gdacs.org/report.aspx?eventid=1102336&episodeid=1&eventtype=FL,https://www.gdacs.org/gdacsapi/api/events/geteventdata?eventtype=FL&eventid=1102336,"{'type': 'Point', 'coordinates': [7.95420097639847, 47.9626264]}"
156,Processed,60.8104,238.742,73.106,64.014,FL-1102327,EU020M,Belgium,BEL,1102327,Green,1,2023-11-10T01:00:00,2023-11-12T01:00:00,https://www.gdacs.org/gdacsapi/api/polygons/getgeometry?eventtype=FL&eventid=1102327&episodeid=1,https://www.gdacs.org/report.aspx?eventid=1102327&episodeid=1&eventtype=FL,https://www.gdacs.org/gdacsapi/api/events/geteventdata?eventtype=FL&eventid=1102327,"{'type': 'Point', 'coordinates': [2.7643391, 50.9638066]}"
157,Processed,144.8804,87.3724,181.9304,174.342,FL-1102408,EU020M,France,FRA,1102408,Orange,2,2023-12-30T12:00:00,2024-01-03T13:00:00,https://www.gdacs.org/gdacsapi/api/polygons/getgeometry?eventtype=FL&eventid=1102408&episodeid=3,https://www.gdacs.org/report.aspx?eventid=1102408&episodeid=3&eventtype=FL,https://www.gdacs.org/gdacsapi/api/events/geteventdata?eventtype=FL&eventid=1102408,"{'type': 'Point', 'coordinates': [-1.5541362, 47.2186371]}"
158,Processed,390.3992,413.428,418.8508,419.6488,FL-1102407,EU020M,Germany,DEU,1102407,Orange,2,2023-12-18T11:00:00,2024-01-03T12:00:00,https://www.gdacs.org/gdacsapi/api/polygons/getgeometry?eventtype=FL&eventid=1102407&episodeid=1,https://www.gdacs.org/report.aspx?eventid=1102407&episodeid=1&eventtype=FL,https://www.gdacs.org/gdacsapi/api/events/geteventdata?eventtype=FL&eventid=1102407,"{'type': 'Point', 'coordinates': [9.075962, 52.8398531]}"
159,Processed,390.3992,413.428,418.8508,419.6488,FL-1102413,EU020M,Germany,DEU,1102413,Green,1,2023-12-25T01:00:00,2023-12-27T01:00:00,https://www.gdacs.org/gdacsapi/api/polygons/getgeometry?eventtype=FL&eventid=1102413&episodeid=1,https://www.gdacs.org/report.aspx?eventid=1102413&episodeid=1&eventtype=FL,https://www.gdacs.org/gdacsapi/api/events/geteventdata?eventtype=FL&eventid=1102413,"{'type': 'Point', 'coordinates': [10.8732521, 51.4656509]}"
160,Processed,33.6036,93.5832,44.7752,41.926,FL-1102396,EU020M,Switzerland,CHE,1102396,Green,1,2023-12-11T01:00:00,2023-12-13T01:00:00,https://www.gdacs.org/gdacsapi/api/polygons/getgeometry?eventtype=FL&eventid=1102396&episodeid=1,https://www.gdacs.org/report.aspx?eventid=1102396&episodeid=1&eventtype=FL,https://www.gdacs.org/gdacsapi/api/events/geteventdata?eventtype=FL&eventid=1102396,"{'type': 'Point', 'coordinates': [6.14231062909393, 46.2047169]}"
161,Processed,0.072,2.3284,1.2992,3.9912,FL-1102414,EU020M,Italy,ITA,1102414,Green,1,2024-01-06T01:00:00,2024-01-08T01:00:00,https://www.gdacs.org/gdacsapi/api/polygons/getgeometry?eventtype=FL&eventid=1102414&episodeid=1,https://www.gdacs.org/report.aspx?eventid=1102414&episodeid=1&eventtype=FL,https://www.gdacs.org/gdacsapi/api/events/geteventdata?eventtype=FL&eventid=1102414,"{'type': 'Point', 'coordinates': [9.8642208, 46.2203043]}"
162,Processed,84.9064,87.3724,104.282,82.28,FL-1102410,EU020M,Belgium,BEL,1102410,Green,1,2024-01-02T01:00:00,2024-01-04T01:00:00,https://www.gdacs.org/gdacsapi/api/polygons/getgeometry?eventtype=FL&eventid=1102410&episodeid=1,https://www.gdacs.org/report.aspx?eventid=1102410&episodeid=1&eventtype=FL,https://www.gdacs.org/gdacsapi/api/events/geteventdata?eventtype=FL&eventid=1102410,"{'type': 'Point', 'coordinates': [4.4955009, 50.0524906]}"
163,Processed,65.2124,65.4208,83.1928,84.8004,FL-1102411,EU020M,France,FRA,1102411,Green,1,2024-01-02T01:00:00,2024-01-04T01:00:00,https://www.gdacs.org/gdacsapi/api/polygons/getgeometry?eventtype=FL&eventid=1102411&episodeid=1,https://www.gdacs.org/report.aspx?eventid=1102411&episodeid=1&eventtype=FL,https://www.gdacs.org/gdacsapi/api/events/geteventdata?eventtype=FL&eventid=1102411,"{'type': 'Point', 'coordinates': [6.1296751, 49.8158683]}"
164,Processed,23.0048,93.78,58.8316,90.2968,FL-1102494,EU020M,Italy,ITA,1102494,Green,1,2024-02-24T01:00:00,2024-03-11T01:00:00,https://www.gdacs.org/gdacsapi/api/polygons/getgeometry?eventtype=FL&eventid=1102494&episodeid=5,https://www.gdacs.org/report.aspx?eventid=1102494&episodeid=5&eventtype=FL,https://www.gdacs.org/gdacsapi/api/events/geteventdata?eventtype=FL&eventid=1102494,"{'type': 'Point', 'coordinates': [14.2254818, 40.8438464]}"
165,Processed,1.6692,14.034,2.4796,13.9344,FL-1102471,EU020M,Italy,ITA,1102471,Green,1,2024-02-09T01:00:00,2024-02-11T01:00:00,https://www.gdacs.org/gdacsapi/api/polygons/getgeometry?eventtype=FL&eventid=1102471&episodeid=1,https://www.gdacs.org/report.aspx?eventid=1102471&episodeid=1&eventtype=FL,https://www.gdacs.org/gdacsapi/api/events/geteventdata?eventtype=FL&eventid=1102471,"{'type': 'Point', 'coordinates': [9.2669559, 44.3367625]}"
166,Processed,12.6092,16.908,36.422,43.49,FL-1102468,EU020M,France,FRA,1102468,Green,1,2024-02-09T01:00:00,2024-02-11T01:00:00,https://www.gdacs.org/gdacsapi/api/polygons/getgeometry?eventtype=FL&eventid=1102468&episodeid=2,https://www.gdacs.org/report.aspx?eventid=1102468&episodeid=2&eventtype=FL,https://www.gdacs.org/gdacsapi/api/events/geteventdata?eventtype=FL&eventid=1102468,"{'type': 'Point', 'coordinates': [7.2812959, 43.7168085]}"
167,Processed,142.848,182.7468,160.4924,238.8328,FL-1102550,EU020M,France,FRA,1102550,Green,1,2024-03-29T01:00:00,2024-04-01T01:00:00,https://www.gdacs.org/gdacsapi/api/polygons/getgeometry?eventtype=FL&eventid=1102550&episodeid=2,https://www.gdacs.org/report.aspx?eventid=1102550&episodeid=2&eventtype=FL,https://www.gdacs.org/gdacsapi/api/events/geteventdata?eventtype=FL&eventid=1102550,"{'type': 'Point', 'coordinates': [4.3373194, 47.6241674]}"
168,Processed,4.3488,67.7724,11.8,11.0632,FL-1102551,EU020M,Italy,ITA,1102551,Green,1,2024-03-30T01:00:00,2024-04-01T01:00:00,https://www.gdacs.org/gdacsapi/api/polygons/getgeometry?eventtype=FL&eventid=1102551&episodeid=1,https://www.gdacs.org/report.aspx?eventid=1102551&episodeid=1&eventtype=FL,https://www.gdacs.org/gdacsapi/api/events/geteventdata?eventtype=FL&eventid=1102551,"{'type': 'Point', 'coordinates': [8.6204535, 45.875366]}"
169,Processed,111.2136,213.5076,129.3836,230.8356,FL-1102509,EU020M,France,FRA,1102509,Green,1,2024-03-04T01:00:00,2024-03-14T01:00:00,https://www.gdacs.org/gdacsapi/api/polygons/getgeometry?eventtype=FL&eventid=1102509&episodeid=3,https://www.gdacs.org/report.aspx?eventid=1102509&episodeid=3&eventtype=FL,https://www.gdacs.org/gdacsapi/api/events/geteventdata?eventtype=FL&eventid=1102509,"{'type': 'Point', 'coordinates': [-0.605126444043871, 44.88374595]}"
170,Processed,465.0084,278.4716,741.25,748.122,FL-1102595,EU020M,France,FRA,1102595,Green,1,2024-04-27T01:00:00,2024-05-26T01:00:00,https://www.gdacs.org/gdacsapi/api/polygons/getgeometry?eventtype=FL&eventid=1102595&episodeid=6,https://www.gdacs.org/report.aspx?eventid=1102595&episodeid=6&eventtype=FL,https://www.gdacs.org/gdacsapi/api/events/geteventdata?eventtype=FL&eventid=1102595,"{'type': 'Point', 'coordinates': [5.8605, 48.0095]}"
171,Processed,190.4968,350.1288,284.042,264.778,FL-1102638,EU020M,Italy,ITA,1102638,Green,1,2024-05-20T01:00:00,2024-06-16T01:00:00,https://www.gdacs.org/gdacsapi/api/polygons/getgeometry?eventtype=FL&eventid=1102638&episodeid=7,https://www.gdacs.org/report.aspx?eventid=1102638&episodeid=7&eventtype=FL,https://www.gdacs.org/gdacsapi/api/events/geteventdata?eventtype=FL&eventid=1102638,"{'type': 'Point', 'coordinates': [11.8416767827158, 46.6509279]}"
172,Processed,30.6528,152.1988,56.4648,98.96,FL-1102663,EU020M,Switzerland,CHE,1102663,Green,1,2024-05-31T01:00:00,2024-06-11T01:00:00,https://www.gdacs.org/gdacsapi/api/polygons/getgeometry?eventtype=FL&eventid=1102663&episodeid=3,https://www.gdacs.org/report.aspx?eventid=1102663&episodeid=3&eventtype=FL,https://www.gdacs.org/gdacsapi/api/events/geteventdata?eventtype=FL&eventid=1102663,"{'type': 'Point', 'coordinates': [8.6774281, 47.2208832]}"
173,Processed,824.2468,761.9704,1181.632,2383.2196,FL-1102602,EU020M,Germany,DEU,1102602,Green,1,2024-05-02T01:00:00,2024-06-05T01:00:00,https://www.gdacs.org/gdacsapi/api/polygons/getgeometry?eventtype=FL&eventid=1102602&episodeid=11,https://www.gdacs.org/report.aspx?eventid=1102602&episodeid=11&eventtype=FL,https://www.gdacs.org/gdacsapi/api/events/geteventdata?eventtype=FL&eventid=1102602,"{'type': 'Point', 'coordinates': [6.5555505, 51.6678761]}"
174,Processed,22.4184,54.4468,78.1784,70.3412,FL-1102632,EU020M,Netherlands,NLD,1102632,Green,1,2024-05-17T01:00:00,2024-05-21T01:00:00,https://www.gdacs.org/gdacsapi/api/polygons/getgeometry?eventtype=FL&eventid=1102632&episodeid=2,https://www.gdacs.org/report.aspx?eventid=1102632&episodeid=2&eventtype=FL,https://www.gdacs.org/gdacsapi/api/events/geteventdata?eventtype=FL&eventid=1102632,"{'type': 'Point', 'coordinates': [6.1443119, 53.2540233]}"
175,Processed,20.338,61.376,78.1784,49.526,FL-1102619,EU020M,Belgium,BEL,1102619,Green,1,2024-05-12T01:00:00,2024-05-19T01:00:00,https://www.gdacs.org/gdacsapi/api/polygons/getgeometry?eventtype=FL&eventid=1102619&episodeid=2,https://www.gdacs.org/report.aspx?eventid=1102619&episodeid=2&eventtype=FL,https://www.gdacs.org/gdacsapi/api/events/geteventdata?eventtype=FL&eventid=1102619,"{'type': 'Point', 'coordinates': [5.83901598169723, 50.746555]}"
176,Processed,0.0,1.6756,0.0,2.4616,FL-1102614,EU020M,Italy,ITA,1102614,Green,1,2024-05-08T01:00:00,2024-05-10T01:00:00,https://www.gdacs.org/gdacsapi/api/polygons/getgeometry?eventtype=FL&eventid=1102614&episodeid=1,https://www.gdacs.org/report.aspx?eventid=1102614&episodeid=1&eventtype=FL,https://www.gdacs.org/gdacsapi/api/events/geteventdata?eventtype=FL&eventid=1102614,"{'type': 'Point', 'coordinates': [13.3524434, 38.1112268]}"
177,Processed,9.2612,49.7376,16.8712,70.0404,FL-1102603,EU020M,Netherlands,NLD,1102603,Green,1,2024-05-02T01:00:00,2024-05-03T01:00:00,https://www.gdacs.org/gdacsapi/api/polygons/getgeometry?eventtype=FL&eventid=1102603&episodeid=1,https://www.gdacs.org/report.aspx?eventid=1102603&episodeid=1&eventtype=FL,https://www.gdacs.org/gdacsapi/api/events/geteventdata?eventtype=FL&eventid=1102603,"{'type': 'Point', 'coordinates': [5.81370999914956, 50.86094405]}"
178,Processed,28.8564,82.2552,54.2296,71.4904,FL-1102714,EU020M,Italy,ITA,1102714,Green,1,2024-06-21T01:00:00,2024-08-04T01:00:00,https://www.gdacs.org/gdacsapi/api/polygons/getgeometry?eventtype=FL&eventid=1102714&episodeid=8,https://www.gdacs.org/report.aspx?eventid=1102714&episodeid=8&eventtype=FL,https://www.gdacs.org/gdacsapi/api/events/geteventdata?eventtype=FL&eventid=1102714,"{'type': 'Point', 'coordinates': [11.039437, 44.525696]}"
179,Processed,45.5824,204.7536,12.2368,152.0484,FL-1102732,EU020M,Belgium,BEL,1102732,Green,1,2024-06-29T01:00:00,2024-07-01T01:00:00,https://www.gdacs.org/gdacsapi/api/polygons/getgeometry?eventtype=FL&eventid=1102732&episodeid=1,https://www.gdacs.org/report.aspx?eventid=1102732&episodeid=1&eventtype=FL,https://www.gdacs.org/gdacsapi/api/events/geteventdata?eventtype=FL&eventid=1102732,"{'type': 'Point', 'coordinates': [5.43980394161471, 49.96379985]}"
180,Processed,28.8564,82.2552,54.2296,71.4904,FL-1102713,EU020M,Switzerland,CHE,1102713,Green,1,2024-06-21T01:00:00,2024-07-01T01:00:00,https://www.gdacs.org/gdacsapi/api/polygons/getgeometry?eventtype=FL&eventid=1102713&episodeid=6,https://www.gdacs.org/report.aspx?eventid=1102713&episodeid=6&eventtype=FL,https://www.gdacs.org/gdacsapi/api/events/geteventdata?eventtype=FL&eventid=1102713,"{'type': 'Point', 'coordinates': [8.5605954, 46.518436]}"
181,Processed,422.2172,868.37,680.7032,1121.7312,FL-1102677,EU020M,France,FRA,1102677,Green,1,2024-06-08T01:00:00,2024-07-01T01:00:00,https://www.gdacs.org/gdacsapi/api/polygons/getgeometry?eventtype=FL&eventid=1102677&episodeid=11,https://www.gdacs.org/report.aspx?eventid=1102677&episodeid=11&eventtype=FL,https://www.gdacs.org/gdacsapi/api/events/geteventdata?eventtype=FL&eventid=1102677,"{'type': 'Point', 'coordinates': [5.1377537, 48.4433253]}"
182,Processed,1.7692,34.1676,6.2832,25.304,FL-1102731,EU020M,Austria,AUT,1102731,Green,1,2024-06-27T01:00:00,2024-06-28T01:00:00,https://www.gdacs.org/gdacsapi/api/polygons/getgeometry?eventtype=FL&eventid=1102731&episodeid=1,https://www.gdacs.org/report.aspx?eventid=1102731&episodeid=1&eventtype=FL,https://www.gdacs.org/gdacsapi/api/events/geteventdata?eventtype=FL&eventid=1102731,"{'type': 'Point', 'coordinates': [15.1666665, 47.2500001]}"
183,Processed,4.296,60.7068,35.7132,57.6692,FL-1102712,EU020M,Germany,DEU,1102712,Green,1,2024-06-21T01:00:00,2024-06-28T01:00:00,https://www.gdacs.org/gdacsapi/api/polygons/getgeometry?eventtype=FL&eventid=1102712&episodeid=3,https://www.gdacs.org/report.aspx?eventid=1102712&episodeid=3&eventtype=FL,https://www.gdacs.org/gdacsapi/api/events/geteventdata?eventtype=FL&eventid=1102712,"{'type': 'Point', 'coordinates': [10.000654, 53.550341]}"
184,Processed,1.7592,28.9052,27.614,40.8464,FL-1102705,EU020M,Belgium,BEL,1102705,Green,1,2024-06-18T01:00:00,2024-06-20T01:00:00,https://www.gdacs.org/gdacsapi/api/polygons/getgeometry?eventtype=FL&eventid=1102705&episodeid=1,https://www.gdacs.org/report.aspx?eventid=1102705&episodeid=1&eventtype=FL,https://www.gdacs.org/gdacsapi/api/events/geteventdata?eventtype=FL&eventid=1102705,"{'type': 'Point', 'coordinates': [5.3993597629712, 50.15454005]}"
185,Processed,23.7108,74.8576,60.8232,109.1556,FL-1102706,EU020M,Netherlands,NLD,1102706,Green,1,2024-06-18T01:00:00,2024-06-20T01:00:00,https://www.gdacs.org/gdacsapi/api/polygons/getgeometry?eventtype=FL&eventid=1102706&episodeid=1,https://www.gdacs.org/report.aspx?eventid=1102706&episodeid=1&eventtype=FL,https://www.gdacs.org/gdacsapi/api/events/geteventdata?eventtype=FL&eventid=1102706,"{'type': 'Point', 'coordinates': [5.3927310581764, 51.40770635]}"
186,Processed,56.486,137.7476,110.5232,106.0508,FL-1102664,EU020M,Austria,AUT,1102664,Green,1,2024-06-03T01:00:00,2024-06-10T01:00:00,https://www.gdacs.org/gdacsapi/api/polygons/getgeometry?eventtype=FL&eventid=1102664&episodeid=3,https://www.gdacs.org/report.aspx?eventid=1102664&episodeid=3&eventtype=FL,https://www.gdacs.org/gdacsapi/api/events/geteventdata?eventtype=FL&eventid=1102664,"{'type': 'Point', 'coordinates': [16.3121335, 47.193792]}"
187,Processed,13.274,146.8864,50.876,600.3372,FL-1102803,EU020M,Germany,DEU,1102803,Green,1,2024-08-01T01:00:00,2024-08-15T01:00:00,https://www.gdacs.org/gdacsapi/api/polygons/getgeometry?eventtype=FL&eventid=1102803&episodeid=4,https://www.gdacs.org/report.aspx?eventid=1102803&episodeid=4&eventtype=FL,https://www.gdacs.org/gdacsapi/api/events/geteventdata?eventtype=FL&eventid=1102803,"{'type': 'Point', 'coordinates': [8.5980244, 49.124118]}"
188,Processed,0.5872,6.3568,1.5836,29.8808,FL-1102801,EU020M,Belgium,BEL,1102801,Green,1,2024-08-01T01:00:00,2024-08-02T01:00:00,https://www.gdacs.org/gdacsapi/api/polygons/getgeometry?eventtype=FL&eventid=1102801&episodeid=1,https://www.gdacs.org/report.aspx?eventid=1102801&episodeid=1&eventtype=FL,https://www.gdacs.org/gdacsapi/api/events/geteventdata?eventtype=FL&eventid=1102801,"{'type': 'Point', 'coordinates': [5.4865309, 50.8500788]}"
189,Processed,6.5552,68.0228,47.1076,83.3984,FL-1102771,EU020M,France,FRA,1102771,Green,1,2024-07-20T01:00:00,2024-08-01T01:00:00,https://www.gdacs.org/gdacsapi/api/polygons/getgeometry?eventtype=FL&eventid=1102771&episodeid=3,https://www.gdacs.org/report.aspx?eventid=1102771&episodeid=3&eventtype=FL,https://www.gdacs.org/gdacsapi/api/events/geteventdata?eventtype=FL&eventid=1102771,"{'type': 'Point', 'coordinates': [6.9037077, 48.9154719]}"
190,Processed,9.478,103.6672,158.228,115.9832,FL-1102751,EU020M,Germany,DEU,1102751,Green,1,2024-07-10T01:00:00,2024-07-24T01:00:00,https://www.gdacs.org/gdacsapi/api/polygons/getgeometry?eventtype=FL&eventid=1102751&episodeid=5,https://www.gdacs.org/report.aspx?eventid=1102751&episodeid=5&eventtype=FL,https://www.gdacs.org/gdacsapi/api/events/geteventdata?eventtype=FL&eventid=1102751,"{'type': 'Point', 'coordinates': [9.9972782, 51.705401]}"
191,Processed,9.478,103.6672,158.228,115.9832,FL-1102757,EU020M,Netherlands,NLD,1102757,Green,1,2024-07-12T01:00:00,2024-07-22T01:00:00,https://www.gdacs.org/gdacsapi/api/polygons/getgeometry?eventtype=FL&eventid=1102757&episodeid=2,https://www.gdacs.org/report.aspx?eventid=1102757&episodeid=2&eventtype=FL,https://www.gdacs.org/gdacsapi/api/events/geteventdata?eventtype=FL&eventid=1102757,"{'type': 'Point', 'coordinates': [5.4045572, 51.4190691]}"
192,Processed,4.3624,111.072,6.92,65.9328,FL-1102753,EU020M,Austria,AUT,1102753,Green,1,2024-07-11T01:00:00,2024-07-17T01:00:00,https://www.gdacs.org/gdacsapi/api/polygons/getgeometry?eventtype=FL&eventid=1102753&episodeid=2,https://www.gdacs.org/report.aspx?eventid=1102753&episodeid=2&eventtype=FL,https://www.gdacs.org/gdacsapi/api/events/geteventdata?eventtype=FL&eventid=1102753,"{'type': 'Point', 'coordinates': [14.8297233, 47.2147399]}"
193,Processed,6.6548,168.8268,13.6648,5.3632,FL-1102749,EU020M,Belgium,BEL,1102749,Green,1,2024-07-09T01:00:00,2024-07-09T01:00:00,https://www.gdacs.org/gdacsapi/api/polygons/getgeometry?eventtype=FL&eventid=1102749&episodeid=1,https://www.gdacs.org/report.aspx?eventid=1102749&episodeid=1&eventtype=FL,https://www.gdacs.org/gdacsapi/api/events/geteventdata?eventtype=FL&eventid=1102749,"{'type': 'Point', 'coordinates': [4.35123337611662, 50.8550018]}"
194,Processed,11.408,47.9804,15.258,62.3348,FL-1102833,EU020M,Italy,ITA,1102833,Green,1,2024-08-14T01:00:00,2024-10-10T01:00:00,https://www.gdacs.org/gdacsapi/api/polygons/getgeometry?eventtype=FL&eventid=1102833&episodeid=22,https://www.gdacs.org/report.aspx?eventid=1102833&episodeid=22&eventtype=FL,https://www.gdacs.org/gdacsapi/api/events/geteventdata?eventtype=FL&eventid=1102833,"{'type': 'Point', 'coordinates': [9.7179982, 45.6843709]}"
195,Processed,1.8908,12.038,8.834,35.168,FL-1102881,EU020M,Switzerland,CHE,1102881,Green,1,2024-09-01T01:00:00,2024-09-08T01:00:00,https://www.gdacs.org/gdacsapi/api/polygons/getgeometry?eventtype=FL&eventid=1102881&episodeid=1,https://www.gdacs.org/report.aspx?eventid=1102881&episodeid=1&eventtype=FL,https://www.gdacs.org/gdacsapi/api/events/geteventdata?eventtype=FL&eventid=1102881,"{'type': 'Point', 'coordinates': [8.5173652, 47.1679898]}"
196,Processed,4.2208,50.0012,18.7012,20.7684,FL-1102873,EU020M,France,FRA,1102873,Green,1,2024-08-30T01:00:00,2024-09-02T01:00:00,https://www.gdacs.org/gdacsapi/api/polygons/getgeometry?eventtype=FL&eventid=1102873&episodeid=1,https://www.gdacs.org/report.aspx?eventid=1102873&episodeid=1&eventtype=FL,https://www.gdacs.org/gdacsapi/api/events/geteventdata?eventtype=FL&eventid=1102873,"{'type': 'Point', 'coordinates': [-2.76334926955883, 47.82598115]}"
197,Processed,1.3436,26.8156,1.1612,21.8624,FL-1102875,EU020M,Italy,ITA,1102875,Green,1,2024-09-01T01:00:00,2024-09-02T01:00:00,https://www.gdacs.org/gdacsapi/api/polygons/getgeometry?eventtype=FL&eventid=1102875&episodeid=1,https://www.gdacs.org/report.aspx?eventid=1102875&episodeid=1&eventtype=FL,https://www.gdacs.org/gdacsapi/api/events/geteventdata?eventtype=FL&eventid=1102875,"{'type': 'Point', 'coordinates': [11.338594, 45.519292]}"
198,Processed,6.2608,71.8456,3.0804,111.7112,FL-1102835,EU020M,Austria,AUT,1102835,Green,1,2024-08-13T01:00:00,2024-08-28T01:00:00,https://www.gdacs.org/gdacsapi/api/polygons/getgeometry?eventtype=FL&eventid=1102835&episodeid=4,https://www.gdacs.org/report.aspx?eventid=1102835&episodeid=4&eventtype=FL,https://www.gdacs.org/gdacsapi/api/events/geteventdata?eventtype=FL&eventid=1102835,"{'type': 'Point', 'coordinates': [14.4567136, 47.1083154]}"
199,Processed,8.1424,100.6172,40.5612,40.7016,FL-1102831,EU020M,Belgium,BEL,1102831,Green,1,2024-08-14T01:00:00,2024-08-16T01:00:00,https://www.gdacs.org/gdacsapi/api/polygons/getgeometry?eventtype=FL&eventid=1102831&episodeid=1,https://www.gdacs.org/report.aspx?eventid=1102831&episodeid=1&eventtype=FL,https://www.gdacs.org/gdacsapi/api/events/geteventdata?eventtype=FL&eventid=1102831,"{'type': 'Point', 'coordinates': [4.3588917, 51.0606816]}"
200,Processed,0.14,3.9704,1.58,23.4472,FL-1102823,EU020M,Switzerland,CHE,1102823,Green,1,2024-08-12T01:00:00,2024-08-14T01:00:00,https://www.gdacs.org/gdacsapi/api/polygons/getgeometry?eventtype=FL&eventid=1102823&episodeid=1,https://www.gdacs.org/report.aspx?eventid=1102823&episodeid=1&eventtype=FL,https://www.gdacs.org/gdacsapi/api/events/geteventdata?eventtype=FL&eventid=1102823,"{'type': 'Point', 'coordinates': [8.0303006, 46.7560001]}"
201,Processed,6.5396,35.7616,12.6056,28.9208,FL-1102827,EU020M,Netherlands,NLD,1102827,Green,1,2024-08-13T01:00:00,2024-08-14T01:00:00,https://www.gdacs.org/gdacsapi/api/polygons/getgeometry?eventtype=FL&eventid=1102827&episodeid=1,https://www.gdacs.org/report.aspx?eventid=1102827&episodeid=1&eventtype=FL,https://www.gdacs.org/gdacsapi/api/events/geteventdata?eventtype=FL&eventid=1102827,"{'type': 'Point', 'coordinates': [4.7802673399199, 51.56437755]}"
202,Processed,95.696,70.15,112.396,133.3892,FL-1102931,EU020M,France,FRA,1102931,Green,1,2024-10-01T01:00:00,2024-10-26T01:00:00,https://www.gdacs.org/gdacsapi/api/polygons/getgeometry?eventtype=FL&eventid=1102931&episodeid=6,https://www.gdacs.org/report.aspx?eventid=1102931&episodeid=6&eventtype=FL,https://www.gdacs.org/gdacsapi/api/events/geteventdata?eventtype=FL&eventid=1102931,"{'type': 'Point', 'coordinates': [6.4314327, 43.4273183]}"
203,Processed,11.408,24.3612,11.8348,62.3348,FL-1102907,EU020M,Italy,ITA,1102907,Green,1,2024-09-17T01:00:00,2024-09-25T01:00:00,https://www.gdacs.org/gdacsapi/api/polygons/getgeometry?eventtype=FL&eventid=1102907&episodeid=6,https://www.gdacs.org/report.aspx?eventid=1102907&episodeid=6&eventtype=FL,https://www.gdacs.org/gdacsapi/api/events/geteventdata?eventtype=FL&eventid=1102907,"{'type': 'Point', 'coordinates': [14.619839, 40.810811]}"
204,Processed,90.9488,87.0344,105.9448,104.338,FL-1102899,EU020M,Austria,AUT,1102899,Orange,2,2024-09-12T09:00:00,2024-09-18T09:00:00,https://www.gdacs.org/gdacsapi/api/polygons/getgeometry?eventtype=FL&eventid=1102899&episodeid=3,https://www.gdacs.org/report.aspx?eventid=1102899&episodeid=3&eventtype=FL,https://www.gdacs.org/gdacsapi/api/events/geteventdata?eventtype=FL&eventid=1102899,"{'type': 'Point', 'coordinates': [16.9561267467493, 49.8591058]}"
205,Processed,2.3404,15.926,8.834,55.0408,FL-1102872,EU020M,France,FRA,1102872,Green,1,2024-09-04T01:00:00,2024-09-09T01:00:00,https://www.gdacs.org/gdacsapi/api/polygons/getgeometry?eventtype=FL&eventid=1102872&episodeid=2,https://www.gdacs.org/report.aspx?eventid=1102872&episodeid=2&eventtype=FL,https://www.gdacs.org/gdacsapi/api/events/geteventdata?eventtype=FL&eventid=1102872,"{'type': 'Point', 'coordinates': [6.8169262, 45.2769434]}"
206,Processed,82.2684,133.3668,276.2308,122.0348,FL-1102874,EU020M,Germany,DEU,1102874,Green,1,2024-09-05T01:00:00,2024-09-06T01:00:00,https://www.gdacs.org/gdacsapi/api/polygons/getgeometry?eventtype=FL&eventid=1102874&episodeid=1,https://www.gdacs.org/report.aspx?eventid=1102874&episodeid=1&eventtype=FL,https://www.gdacs.org/gdacsapi/api/events/geteventdata?eventtype=FL&eventid=1102874,"{'type': 'Point', 'coordinates': [8.20498353806667, 53.14277695]}"
207,Processed,11.254,70.7772,31.4268,29.962,FL-1102876,EU020M,Netherlands,NLD,1102876,Green,1,2024-09-02T01:00:00,2024-09-04T01:00:00,https://www.gdacs.org/gdacsapi/api/polygons/getgeometry?eventtype=FL&eventid=1102876&episodeid=1,https://www.gdacs.org/report.aspx?eventid=1102876&episodeid=1&eventtype=FL,https://www.gdacs.org/gdacsapi/api/events/geteventdata?eventtype=FL&eventid=1102876,"{'type': 'Point', 'coordinates': [6.45151154870584, 52.39046275]}"
208,Processed,0.3268,6.5676,1.3992,30.5488,FL-1102871,EU020M,Belgium,BEL,1102871,Green,1,2024-09-02T01:00:00,2024-09-03T01:00:00,https://www.gdacs.org/gdacsapi/api/polygons/getgeometry?eventtype=FL&eventid=1102871&episodeid=1,https://www.gdacs.org/report.aspx?eventid=1102871&episodeid=1&eventtype=FL,https://www.gdacs.org/gdacsapi/api/events/geteventdata?eventtype=FL&eventid=1102871,"{'type': 'Point', 'coordinates': [5.1710529, 50.6684881]}"
209,Processed,36.7416,45.9728,41.2356,53.5864,FL-1102951,EU020M,Belgium,BEL,1102951,Green,1,2024-10-09T01:00:00,2024-10-11T01:00:00,https://www.gdacs.org/gdacsapi/api/polygons/getgeometry?eventtype=FL&eventid=1102951&episodeid=1,https://www.gdacs.org/report.aspx?eventid=1102951&episodeid=1&eventtype=FL,https://www.gdacs.org/gdacsapi/api/events/geteventdata?eventtype=FL&eventid=1102951,"{'type': 'Point', 'coordinates': [4.4955009, 50.0524906]}"
210,Processed,0.5088,20.5036,0.012,7.882,FL-1103003,EU020M,Italy,ITA,1103003,Green,1,2024-11-08T01:00:00,2024-11-13T01:00:00,https://www.gdacs.org/gdacsapi/api/polygons/getgeometry?eventtype=FL&eventid=1103003&episodeid=3,https://www.gdacs.org/report.aspx?eventid=1103003&episodeid=3&eventtype=FL,https://www.gdacs.org/gdacsapi/api/events/geteventdata?eventtype=FL&eventid=1103003,"{'type': 'Point', 'coordinates': [9.5027442, 40.9232659]}"
211,Processed,3.2852,33.162,6.2348,28.9868,FL-1103001,EU020M,France,FRA,1103001,Green,1,2024-11-07T01:00:00,2024-11-09T01:00:00,https://www.gdacs.org/gdacsapi/api/polygons/getgeometry?eventtype=FL&eventid=1103001&episodeid=1,https://www.gdacs.org/report.aspx?eventid=1103001&episodeid=1&eventtype=FL,https://www.gdacs.org/gdacsapi/api/events/geteventdata?eventtype=FL&eventid=1103001,"{'type': 'Point', 'coordinates': [3.0105105, 42.704359]}"
212,Processed,2.4632,95.744,7.538,53.2508,FL-1103039,EU020M,Italy,ITA,1103039,Green,1,2024-12-07T01:00:00,2024-12-16T01:00:00,https://www.gdacs.org/gdacsapi/api/polygons/getgeometry?eventtype=FL&eventid=1103039&episodeid=2,https://www.gdacs.org/report.aspx?eventid=1103039&episodeid=2&eventtype=FL,https://www.gdacs.org/gdacsapi/api/events/geteventdata?eventtype=FL&eventid=1103039,"{'type': 'Point', 'coordinates': [17.9454957, 40.6375408]}"
213,Processed,20.77,12.7944,46.846,36.0032,FL-1103042,EU020M,France,FRA,1103042,Green,1,2024-12-07T01:00:00,2024-12-09T01:00:00,https://www.gdacs.org/gdacsapi/api/polygons/getgeometry?eventtype=FL&eventid=1103042&episodeid=1,https://www.gdacs.org/report.aspx?eventid=1103042&episodeid=1&eventtype=FL,https://www.gdacs.org/gdacsapi/api/events/geteventdata?eventtype=FL&eventid=1103042,"{'type': 'Point', 'coordinates': [0.0191831, 49.0892484]}"
214,Processed,13.7048,49.3788,17.7156,49.4192,FL-1103100,EU020M,Italy,ITA,1103100,Green,1,2025-01-27T01:00:00,2025-02-03T01:00:00,https://www.gdacs.org/gdacsapi/api/polygons/getgeometry?eventtype=FL&eventid=1103100&episodeid=4,https://www.gdacs.org/report.aspx?eventid=1103100&episodeid=4&eventtype=FL,https://www.gdacs.org/gdacsapi/api/events/geteventdata?eventtype=FL&eventid=1103100,"{'type': 'Point', 'coordinates': [9.1757016, 45.4816704]}"
215,Processed,194.6636,386.2216,265.4388,212.4868,FL-1103097,EU020M,France,FRA,1103097,Green,1,2025-01-25T01:00:00,2025-01-31T01:00:00,https://www.gdacs.org/gdacsapi/api/polygons/getgeometry?eventtype=FL&eventid=1103097&episodeid=1,https://www.gdacs.org/report.aspx?eventid=1103097&episodeid=1&eventtype=FL,https://www.gdacs.org/gdacsapi/api/events/geteventdata?eventtype=FL&eventid=1103097,"{'type': 'Point', 'coordinates': [-1.6414898, 48.1817122]}"
216,Processed,7.616,63.8344,3.5048,144.6272,FL-1103075,EU020M,Italy,ITA,1103075,Green,1,2025-01-07T01:00:00,2025-01-18T01:00:00,https://www.gdacs.org/gdacsapi/api/polygons/getgeometry?eventtype=FL&eventid=1103075&episodeid=2,https://www.gdacs.org/report.aspx?eventid=1103075&episodeid=2&eventtype=FL,https://www.gdacs.org/gdacsapi/api/events/geteventdata?eventtype=FL&eventid=1103075,"{'type': 'Point', 'coordinates': [15.0079363, 37.5191722]}"
217,Processed,18.9992,975.4552,12.2184,467.5924,FL-1103082,AF020M,France,FRA,1103082,Green,1,2025-01-11T01:00:00,2025-01-13T01:00:00,https://www.gdacs.org/gdacsapi/api/polygons/getgeometry?eventtype=FL&eventid=1103082&episodeid=1,https://www.gdacs.org/report.aspx?eventid=1103082&episodeid=1&eventtype=FL,https://www.gdacs.org/gdacsapi/api/events/geteventdata?eventtype=FL&eventid=1103082,"{'type': 'Point', 'coordinates': [46.4416422, -18.9249604]}"
218,Processed,28.6944,15.3364,65.9056,42.738,FL-1103078,EU020M,France,FRA,1103078,Green,1,2025-01-08T01:00:00,2025-01-10T01:00:00,https://www.gdacs.org/gdacsapi/api/polygons/getgeometry?eventtype=FL&eventid=1103078&episodeid=1,https://www.gdacs.org/report.aspx?eventid=1103078&episodeid=1&eventtype=FL,https://www.gdacs.org/gdacsapi/api/events/geteventdata?eventtype=FL&eventid=1103078,"{'type': 'Point', 'coordinates': [-0.2472687, 46.6481266]}"
219,Processed,7.8364,22.9772,11.468,31.6128,FL-1103147,EU020M,France,FRA,1103147,Green,1,2025-02-27T01:00:00,2025-03-06T13:00:00,https://www.gdacs.org/gdacsapi/api/polygons/getgeometry?eventtype=FL&eventid=1103147&episodeid=3,https://www.gdacs.org/report.aspx?eventid=1103147&episodeid=3&eventtype=FL,https://www.gdacs.org/gdacsapi/api/events/geteventdata?eventtype=FL&eventid=1103147,"{'type': 'Point', 'coordinates': [5.59455491741966, 45.690211]}"
220,Processed,0.2872,4.5724,0.9556,13.6636,FL-1103139,EU020M,Italy,ITA,1103139,Green,1,2025-02-26T01:00:00,2025-02-28T01:00:00,https://www.gdacs.org/gdacsapi/api/polygons/getgeometry?eventtype=FL&eventid=1103139&episodeid=1,https://www.gdacs.org/report.aspx?eventid=1103139&episodeid=1&eventtype=FL,https://www.gdacs.org/gdacsapi/api/events/geteventdata?eventtype=FL&eventid=1103139,"{'type': 'Point', 'coordinates': [9.8367245, 44.2434732]}"
221,Processed,11.4952,12.7028,8.8416,26.5944,FL-1103115,EU020M,Italy,ITA,1103115,Green,1,2025-02-12T01:00:00,2025-02-16T01:00:00,https://www.gdacs.org/gdacsapi/api/polygons/getgeometry?eventtype=FL&eventid=1103115&episodeid=2,https://www.gdacs.org/report.aspx?eventid=1103115&episodeid=2&eventtype=FL,https://www.gdacs.org/gdacsapi/api/events/geteventdata?eventtype=FL&eventid=1103115,"{'type': 'Point', 'coordinates': [13.9575901058489, 42.3102619]}"
222,Processed,35.652,111.4524,40.7672,78.7348,FL-1103166,EU020M,Italy,ITA,1103166,Green,1,2025-03-14T01:00:00,2025-03-30T01:00:00,https://www.gdacs.org/gdacsapi/api/polygons/getgeometry?eventtype=FL&eventid=1103166&episodeid=6,https://www.gdacs.org/report.aspx?eventid=1103166&episodeid=6&eventtype=FL,https://www.gdacs.org/gdacsapi/api/events/geteventdata?eventtype=FL&eventid=1103166,"{'type': 'Point', 'coordinates': [14.155048, 37.587794]}"
223,Processed,13.6368,55.4396,21.2908,348.2612,FL-1103186,EU020M,Germany,DEU,1103186,Green,1,2025-03-24T01:00:00,2025-03-26T01:00:00,https://www.gdacs.org/gdacsapi/api/polygons/getgeometry?eventtype=FL&eventid=1103186&episodeid=1,https://www.gdacs.org/report.aspx?eventid=1103186&episodeid=1&eventtype=FL,https://www.gdacs.org/gdacsapi/api/events/geteventdata?eventtype=FL&eventid=1103186,"{'type': 'Point', 'coordinates': [9.95144238271973, 49.7169804]}"
224,Processed,247.9676,838.2764,253.7616,561.4284,FL-1103220,EU020M,Italy,ITA,1103220,Green,1,2025-04-14T01:00:00,2025-05-07T01:00:00,https://www.gdacs.org/gdacsapi/api/polygons/getgeometry?eventtype=FL&eventid=1103220&episodeid=9,https://www.gdacs.org/report.aspx?eventid=1103220&episodeid=9&eventtype=FL,https://www.gdacs.org/gdacsapi/api/events/geteventdata?eventtype=FL&eventid=1103220,"{'type': 'Point', 'coordinates': [12.0812854, 45.1360987]}"
225,Processed,2062.0008,2596.4476,2505.0892,2095.1392,FL-1103233,EU020M,Germany,DEU,1103233,Green,1,2025-04-22T01:00:00,2025-04-24T01:00:00,https://www.gdacs.org/gdacsapi/api/polygons/getgeometry?eventtype=FL&eventid=1103233&episodeid=1,https://www.gdacs.org/report.aspx?eventid=1103233&episodeid=1&eventtype=FL,https://www.gdacs.org/gdacsapi/api/events/geteventdata?eventtype=FL&eventid=1103233,"{'type': 'Point', 'coordinates': [11.6812243, 51.9280976]}"
226,Processed,441.7784,610.4968,542.9676,510.8668,FL-1103226,EU020M,France,FRA,1103226,Green,1,2025-04-16T01:00:00,2025-04-20T01:00:00,https://www.gdacs.org/gdacsapi/api/polygons/getgeometry?eventtype=FL&eventid=1103226&episodeid=2,https://www.gdacs.org/report.aspx?eventid=1103226&episodeid=2&eventtype=FL,https://www.gdacs.org/gdacsapi/api/events/geteventdata?eventtype=FL&eventid=1103226,"{'type': 'Point', 'coordinates': [6.709446, 43.7970759]}"
227,Processed,21.7024,749.4976,34.146,60.322,FL-1103306,EU020M,Austria,AUT,1103306,Green,1,2025-06-01T01:00:00,2025-06-03T01:00:00,https://www.gdacs.org/gdacsapi/api/polygons/getgeometry?eventtype=FL&eventid=1103306&episodeid=1,https://www.gdacs.org/report.aspx?eventid=1103306&episodeid=1&eventtype=FL,https://www.gdacs.org/gdacsapi/api/events/geteventdata?eventtype=FL&eventid=1103306,"{'type': 'Point', 'coordinates': [15.5783121, 47.6628048]}"
228,Processed,58.2928,349.8764,172.1856,99.624,FL-1103301,EU020M,Germany,DEU,1103301,Green,1,2025-05-28T01:00:00,2025-06-02T01:00:00,https://www.gdacs.org/gdacsapi/api/polygons/getgeometry?eventtype=FL&eventid=1103301&episodeid=2,https://www.gdacs.org/report.aspx?eventid=1103301&episodeid=2&eventtype=FL,https://www.gdacs.org/gdacsapi/api/events/geteventdata?eventtype=FL&eventid=1103301,"{'type': 'Point', 'coordinates': [6.8031625, 50.8027168]}"
229,Processed,380.5936,127.4356,10.576,52.4076,FL-1103276,EU020M,Italy,ITA,1103276,Green,1,2025-05-15T01:00:00,2025-05-29T01:00:00,https://www.gdacs.org/gdacsapi/api/polygons/getgeometry?eventtype=FL&eventid=1103276&episodeid=7,https://www.gdacs.org/report.aspx?eventid=1103276&episodeid=7&eventtype=FL,https://www.gdacs.org/gdacsapi/api/events/geteventdata?eventtype=FL&eventid=1103276,"{'type': 'Point', 'coordinates': [12.1959387, 43.9567671]}"
230,Processed,61.6236,404.8672,73.9028,100.0956,FL-1103271,EU020M,France,FRA,1103271,Green,1,2025-05-13T01:00:00,2025-05-21T01:00:00,https://www.gdacs.org/gdacsapi/api/polygons/getgeometry?eventtype=FL&eventid=1103271&episodeid=4,https://www.gdacs.org/report.aspx?eventid=1103271&episodeid=4&eventtype=FL,https://www.gdacs.org/gdacsapi/api/events/geteventdata?eventtype=FL&eventid=1103271,"{'type': 'Point', 'coordinates': [-0.2887646, 43.7784682]}"
231,Processed,30.0324,1321.2548,63.816,21.11,FL-1103278,EU020M,Switzerland,CHE,1103278,Green,1,2025-05-17T01:00:00,2025-05-19T01:00:00,https://www.gdacs.org/gdacsapi/api/polygons/getgeometry?eventtype=FL&eventid=1103278&episodeid=1,https://www.gdacs.org/report.aspx?eventid=1103278&episodeid=1&eventtype=FL,https://www.gdacs.org/gdacsapi/api/events/geteventdata?eventtype=FL&eventid=1103278,"{'type': 'Point', 'coordinates': [7.8192935, 46.4205806]}"
232,Processed,266.14,562.7704,310.7504,384.0252,FL-1103256,EU020M,France,FRA,1103256,Green,1,2025-05-04T01:00:00,2025-05-06T01:00:00,https://www.gdacs.org/gdacsapi/api/polygons/getgeometry?eventtype=FL&eventid=1103256&episodeid=1,https://www.gdacs.org/report.aspx?eventid=1103256&episodeid=1&eventtype=FL,https://www.gdacs.org/gdacsapi/api/events/geteventdata?eventtype=FL&eventid=1103256,"{'type': 'Point', 'coordinates': [0.158666112879269, 43.1437925]}"
233,Processed,1625.534,976.8156,1665.5244,2524.2448,FL-1103250,EU020M,Germany,DEU,1103250,Green,1,2025-05-03T01:00:00,2025-05-04T01:00:00,https://www.gdacs.org/gdacsapi/api/polygons/getgeometry?eventtype=FL&eventid=1103250&episodeid=1,https://www.gdacs.org/report.aspx?eventid=1103250&episodeid=1&eventtype=FL,https://www.gdacs.org/gdacsapi/api/events/geteventdata?eventtype=FL&eventid=1103250,"{'type': 'Point', 'coordinates': [9.7013806, 51.1265161]}"
234,Processed,42.2224,826.0728,7.7832,86.5752,FL-1103355,EU020M,Austria,AUT,1103355,Green,1,2025-06-30T01:00:00,2025-08-03T01:00:00,https://www.gdacs.org/gdacsapi/api/polygons/getgeometry?eventtype=FL&eventid=1103355&episodeid=7,https://www.gdacs.org/report.aspx?eventid=1103355&episodeid=7&eventtype=FL,https://www.gdacs.org/gdacsapi/api/events/geteventdata?eventtype=FL&eventid=1103355,"{'type': 'Point', 'coordinates': [13.8333333, 46.7500001]}"
235,Processed,60.6968,340.236,7.9164,213.7844,FL-1103359,EU020M,Switzerland,CHE,1103359,Green,1,2025-06-30T01:00:00,2025-07-02T01:00:00,https://www.gdacs.org/gdacsapi/api/polygons/getgeometry?eventtype=FL&eventid=1103359&episodeid=1,https://www.gdacs.org/report.aspx?eventid=1103359&episodeid=1&eventtype=FL,https://www.gdacs.org/gdacsapi/api/events/geteventdata?eventtype=FL&eventid=1103359,"{'type': 'Point', 'coordinates': [7.802516, 46.177002]}"
236,Processed,6.4132,105.7468,16.0288,25.8416,FL-1103356,EU020M,France,FRA,1103356,Green,1,2025-06-30T01:00:00,2025-07-02T01:00:00,https://www.gdacs.org/gdacsapi/api/polygons/getgeometry?eventtype=FL&eventid=1103356&episodeid=1,https://www.gdacs.org/report.aspx?eventid=1103356&episodeid=1&eventtype=FL,https://www.gdacs.org/gdacsapi/api/events/geteventdata?eventtype=FL&eventid=1103356,"{'type': 'Point', 'coordinates': [6.6728169, 45.2015369]}"
237,Processed,60.6968,340.236,16.0288,213.7844,FL-1103357,EU020M,France,FRA,1103357,Green,1,2025-06-30T01:00:00,2025-07-02T01:00:00,https://www.gdacs.org/gdacsapi/api/polygons/getgeometry?eventtype=FL&eventid=1103357&episodeid=4,https://www.gdacs.org/report.aspx?eventid=1103357&episodeid=4&eventtype=FL,https://www.gdacs.org/gdacsapi/api/events/geteventdata?eventtype=FL&eventid=1103357,"{'type': 'Point', 'coordinates': [7.923549, 45.060735]}"
238,Processed,21.2448,65.2444,10.6452,63.976,FL-1103330,EU020M,Italy,ITA,1103330,Green,1,2025-06-15T01:00:00,2025-06-16T01:00:00,https://www.gdacs.org/gdacsapi/api/polygons/getgeometry?eventtype=FL&eventid=1103330&episodeid=1,https://www.gdacs.org/report.aspx?eventid=1103330&episodeid=1&eventtype=FL,https://www.gdacs.org/gdacsapi/api/events/geteventdata?eventtype=FL&eventid=1103330,"{'type': 'Point', 'coordinates': [12.0789137225042, 46.2805407]}"
239,Processed,8.7136,110.6076,11.5492,42.192,FL-1103328,EU020M,Germany,DEU,1103328,Green,1,2025-06-14T01:00:00,2025-06-15T01:00:00,https://www.gdacs.org/gdacsapi/api/polygons/getgeometry?eventtype=FL&eventid=1103328&episodeid=1,https://www.gdacs.org/report.aspx?eventid=1103328&episodeid=1&eventtype=FL,https://www.gdacs.org/gdacsapi/api/events/geteventdata?eventtype=FL&eventid=1103328,"{'type': 'Point', 'coordinates': [8.76486977817756, 51.71895955]}"
240,Processed,41.302,325.7436,27.0536,161.3988,FL-1103316,EU020M,France,FRA,1103316,Green,1,2025-06-06T01:00:00,2025-06-15T01:00:00,https://www.gdacs.org/gdacsapi/api/polygons/getgeometry?eventtype=FL&eventid=1103316&episodeid=2,https://www.gdacs.org/report.aspx?eventid=1103316&episodeid=2&eventtype=FL,https://www.gdacs.org/gdacsapi/api/events/geteventdata?eventtype=FL&eventid=1103316,"{'type': 'Point', 'coordinates': [-0.6761661, 44.872105]}"
241,Processed,96.482,398.2276,97.3332,103.826,FL-1103322,EU020M,Switzerland,CHE,1103322,Green,1,2025-06-10T01:00:00,2025-06-12T01:00:00,https://www.gdacs.org/gdacsapi/api/polygons/getgeometry?eventtype=FL&eventid=1103322&episodeid=1,https://www.gdacs.org/report.aspx?eventid=1103322&episodeid=1&eventtype=FL,https://www.gdacs.org/gdacsapi/api/events/geteventdata?eventtype=FL&eventid=1103322,"{'type': 'Point', 'coordinates': [7.30700547338256, 46.00998095]}"
242,Processed,9.9412,247.7092,6.6552,29.4548,FL-1103446,EU020M,France,FRA,1103446,Green,1,2025-07-22T01:00:00,2025-07-28T01:00:00,https://www.gdacs.org/gdacsapi/api/polygons/getgeometry?eventtype=FL&eventid=1103446&episodeid=1,https://www.gdacs.org/report.aspx?eventid=1103446&episodeid=1&eventtype=FL,https://www.gdacs.org/gdacsapi/api/events/geteventdata?eventtype=FL&eventid=1103446,"{'type': 'Point', 'coordinates': [3.4547638, 49.986708]}"
243,Processed,17.8248,505.3516,26.542,63.3688,FL-1103394,EU020M,Germany,DEU,1103394,Green,1,2025-07-16T01:00:00,2025-07-28T01:00:00,https://www.gdacs.org/gdacsapi/api/polygons/getgeometry?eventtype=FL&eventid=1103394&episodeid=5,https://www.gdacs.org/report.aspx?eventid=1103394&episodeid=5&eventtype=FL,https://www.gdacs.org/gdacsapi/api/events/geteventdata?eventtype=FL&eventid=1103394,"{'type': 'Point', 'coordinates': [9.4748796, 48.1534412]}"
244,Processed,2.6492,203.482,4.122,31.8096,FL-1103402,EU020M,Italy,ITA,1103402,Green,1,2025-07-22T01:00:00,2025-07-26T01:00:00,https://www.gdacs.org/gdacsapi/api/polygons/getgeometry?eventtype=FL&eventid=1103402&episodeid=2,https://www.gdacs.org/report.aspx?eventid=1103402&episodeid=2&eventtype=FL,https://www.gdacs.org/gdacsapi/api/events/geteventdata?eventtype=FL&eventid=1103402,"{'type': 'Point', 'coordinates': [12.2063157631164, 45.80669135]}"
245,Processed,112.8804,1444.9028,24.0952,213.8308,FL-1103505,EU020M,France,FRA,1103505,Green,1,2025-07-18T01:00:00,2025-07-22T01:00:00,https://www.gdacs.org/gdacsapi/api/polygons/getgeometry?eventtype=FL&eventid=1103505&episodeid=1,https://www.gdacs.org/report.aspx?eventid=1103505&episodeid=1&eventtype=FL,https://www.gdacs.org/gdacsapi/api/events/geteventdata?eventtype=FL&eventid=1103505,"{'type': 'Point', 'coordinates': [0.0448794, 48.575888]}"
246,Processed,12.3688,522.308,21.6176,66.8236,FL-1103368,EU020M,Italy,ITA,1103368,Green,1,2025-07-05T01:00:00,2025-07-14T01:00:00,https://www.gdacs.org/gdacsapi/api/polygons/getgeometry?eventtype=FL&eventid=1103368&episodeid=6,https://www.gdacs.org/report.aspx?eventid=1103368&episodeid=6&eventtype=FL,https://www.gdacs.org/gdacsapi/api/events/geteventdata?eventtype=FL&eventid=1103368,"{'type': 'Point', 'coordinates': [7.923549, 45.060735]}"
247,Processed,1.2456,301.2748,0.8356,17.1408,FL-1103365,EU020M,Germany,DEU,1103365,Green,1,2025-07-02T01:00:00,2025-07-02T01:00:00,https://www.gdacs.org/gdacsapi/api/polygons/getgeometry?eventtype=FL&eventid=1103365&episodeid=1,https://www.gdacs.org/report.aspx?eventid=1103365&episodeid=1&eventtype=FL,https://www.gdacs.org/gdacsapi/api/events/geteventdata?eventtype=FL&eventid=1103365,"{'type': 'Point', 'coordinates': [6.4353792, 51.1947131]}"
248,Processed,18.462,223.5364,16.7044,47.6508,FL-1103443,EU020M,Italy,ITA,1103443,Green,1,2025-08-15T01:00:00,2025-09-12T01:00:00,https://www.gdacs.org/gdacsapi/api/polygons/getgeometry?eventtype=FL&eventid=1103443&episodeid=17,https://www.gdacs.org/report.aspx?eventid=1103443&episodeid=17&eventtype=FL,https://www.gdacs.org/gdacsapi/api/events/geteventdata?eventtype=FL&eventid=1103443,"{'type': 'Point', 'coordinates': [13.0546698, 45.6427259]}"
249,Processed,0.866,14.4552,1.8044,24.5004,FL-1103482,EU020M,Switzerland,CHE,1103482,Green,1,2025-09-01T01:00:00,2025-09-03T01:00:00,https://www.gdacs.org/gdacsapi/api/polygons/getgeometry?eventtype=FL&eventid=1103482&episodeid=1,https://www.gdacs.org/report.aspx?eventid=1103482&episodeid=1&eventtype=FL,https://www.gdacs.org/gdacsapi/api/events/geteventdata?eventtype=FL&eventid=1103482,"{'type': 'Point', 'coordinates': [8.5465866, 47.4036425]}"
250,Processed,15.8708,545.852,53.41,96.5052,FL-1103473,EU020M,Netherlands,NLD,1103473,Green,1,2025-08-29T01:00:00,2025-08-30T01:00:00,https://www.gdacs.org/gdacsapi/api/polygons/getgeometry?eventtype=FL&eventid=1103473&episodeid=1,https://www.gdacs.org/report.aspx?eventid=1103473&episodeid=1&eventtype=FL,https://www.gdacs.org/gdacsapi/api/events/geteventdata?eventtype=FL&eventid=1103473,"{'type': 'Point', 'coordinates': [4.3113461, 52.0799838]}"
251,Processed,31.4156,342.758,46.4128,199.602,FL-1103455,EU020M,France,FRA,1103455,Green,1,2025-08-19T01:00:00,2025-08-21T01:00:00,https://www.gdacs.org/gdacsapi/api/polygons/getgeometry?eventtype=FL&eventid=1103455&episodeid=1,https://www.gdacs.org/report.aspx?eventid=1103455&episodeid=1&eventtype=FL,https://www.gdacs.org/gdacsapi/api/events/geteventdata?eventtype=FL&eventid=1103455,"{'type': 'Point', 'coordinates': [1.4580047, 48.4489382]}"
252,Processed,11.9144,270.0884,5.2372,48.2168,FL-1103437,EU020M,Austria,AUT,1103437,Green,1,2025-08-14T01:00:00,2025-08-18T01:00:00,https://www.gdacs.org/gdacsapi/api/polygons/getgeometry?eventtype=FL&eventid=1103437&episodeid=3,https://www.gdacs.org/report.aspx?eventid=1103437&episodeid=3&eventtype=FL,https://www.gdacs.org/gdacsapi/api/events/geteventdata?eventtype=FL&eventid=1103437,"{'type': 'Point', 'coordinates': [13.6134966, 47.0171559]}"
253,Processed,21.5036,303.8764,3.8828,51.4924,FL-1103510,EU020M,Italy,ITA,1103510,Green,1,2025-09-21T01:00:00,2025-10-04T01:00:00,https://www.gdacs.org/gdacsapi/api/polygons/getgeometry?eventtype=FL&eventid=1103510&episodeid=13,https://www.gdacs.org/report.aspx?eventid=1103510&episodeid=13&eventtype=FL,https://www.gdacs.org/gdacsapi/api/events/geteventdata?eventtype=FL&eventid=1103510,"{'type': 'Point', 'coordinates': [17.576406, 40.727631]}"
254,Processed,3.1264,30.6284,8.5336,28.2168,FL-1103511,EU020M,France,FRA,1103511,Green,1,2025-09-20T01:00:00,2025-09-24T14:00:00,https://www.gdacs.org/gdacsapi/api/polygons/getgeometry?eventtype=FL&eventid=1103511&episodeid=2,https://www.gdacs.org/report.aspx?eventid=1103511&episodeid=2&eventtype=FL,https://www.gdacs.org/gdacsapi/api/events/geteventdata?eventtype=FL&eventid=1103511,"{'type': 'Point', 'coordinates': [-3.1502007, 48.5618483]}"
255,Processed,5.2976,176.636,2.7896,36.6592,FL-1103492,EU020M,Germany,DEU,1103492,Green,1,2025-09-08T01:00:00,2025-09-10T01:00:00,https://www.gdacs.org/gdacsapi/api/polygons/getgeometry?eventtype=FL&eventid=1103492&episodeid=1,https://www.gdacs.org/report.aspx?eventid=1103492&episodeid=1&eventtype=FL,https://www.gdacs.org/gdacsapi/api/events/geteventdata?eventtype=FL&eventid=1103492,"{'type': 'Point', 'coordinates': [6.5446958, 51.2641433]}"
256,Processed,16.1824,176.636,22.7684,63.4296,FL-1103483,EU020M,France,FRA,1103483,Green,1,2025-09-02T01:00:00,2025-09-10T01:00:00,https://www.gdacs.org/gdacsapi/api/polygons/getgeometry?eventtype=FL&eventid=1103483&episodeid=3,https://www.gdacs.org/report.aspx?eventid=1103483&episodeid=3&eventtype=FL,https://www.gdacs.org/gdacsapi/api/events/geteventdata?eventtype=FL&eventid=1103483,"{'type': 'Point', 'coordinates': [6.53803517035795, 49.0207259]}"
257,Processed,16.916,99.496,8.7224,61.2848,FL-1103486,EU020M,Belgium,BEL,1103486,Green,1,2025-09-04T01:00:00,2025-09-06T01:00:00,https://www.gdacs.org/gdacsapi/api/polygons/getgeometry?eventtype=FL&eventid=1103486&episodeid=1,https://www.gdacs.org/report.aspx?eventid=1103486&episodeid=1&eventtype=FL,https://www.gdacs.org/gdacsapi/api/events/geteventdata?eventtype=FL&eventid=1103486,"{'type': 'Point', 'coordinates': [4.351697, 50.8465573]}"
258,Processed,39.9284,369.166,48.632,293.31,FL-1103563,EU020M,Italy,ITA,1103563,Green,1,2025-10-15T01:00:00,2025-12-06T01:00:00,https://www.gdacs.org/gdacsapi/api/polygons/getgeometry?eventtype=FL&eventid=1103563&episodeid=15,https://www.gdacs.org/report.aspx?eventid=1103563&episodeid=15&eventtype=FL,https://www.gdacs.org/gdacsapi/api/events/geteventdata?eventtype=FL&eventid=1103563,"{'type': 'Point', 'coordinates': [17.576406, 40.727631]}"
259,Processed,7.9644,135.3052,11.7952,56.002,FL-1103574,EU020M,France,FRA,1103574,Green,1,2025-10-22T01:00:00,2025-10-30T01:00:00,https://www.gdacs.org/gdacsapi/api/polygons/getgeometry?eventtype=FL&eventid=1103574&episodeid=2,https://www.gdacs.org/report.aspx?eventid=1103574&episodeid=2&eventtype=FL,https://www.gdacs.org/gdacsapi/api/events/geteventdata?eventtype=FL&eventid=1103574,"{'type': 'Point', 'coordinates': [4.6457565, 44.3707629]}"
260,Processed,0.4944,2.3884,0.0,1.0308,FL-1103557,SA020M,France,FRA,1103557,Green,1,2025-10-09T01:00:00,2025-10-11T01:00:00,https://www.gdacs.org/gdacsapi/api/polygons/getgeometry?eventtype=FL&eventid=1103557&episodeid=1,https://www.gdacs.org/report.aspx?eventid=1103557&episodeid=1&eventtype=FL,https://www.gdacs.org/gdacsapi/api/events/geteventdata?eventtype=FL&eventid=1103557,"{'type': 'Point', 'coordinates': [-61.3476233, 16.3316709]}"
261,Processed,16.7728,411.1176,10.572,64.9372,FL-1103607,EU020M,France,FRA,1103607,Green,1,2025-11-14T01:00:00,2025-11-25T01:00:00,https://www.gdacs.org/gdacsapi/api/polygons/getgeometry?eventtype=FL&eventid=1103607&episodeid=3,https://www.gdacs.org/report.aspx?eventid=1103607&episodeid=3&eventtype=FL,https://www.gdacs.org/gdacsapi/api/events/geteventdata?eventtype=FL&eventid=1103607,"{'type': 'Point', 'coordinates': [6.2083753, 45.5839576]}"
262,Processed,2.9664,56.4068,2.5168,41.3312,FL-1103677,EU020M,Italy,ITA,1103677,Green,1,2025-12-24T01:00:00,2025-12-26T01:00:00,https://www.gdacs.org/gdacsapi/api/polygons/getgeometry?eventtype=FL&eventid=1103677&episodeid=1,https://www.gdacs.org/report.aspx?eventid=1103677&episodeid=1&eventtype=FL,https://www.gdacs.org/gdacsapi/api/events/geteventdata?eventtype=FL&eventid=1103677,"{'type': 'Point', 'coordinates': [11.7913606, 44.3061013]}"
263,Processed,23.1316,286.2052,22.538,25.5376,FL-1103671,EU020M,France,FRA,1103671,Green,1,2025-12-15T01:00:00,2025-12-22T13:00:00,https://www.gdacs.org/gdacsapi/api/polygons/getgeometry?eventtype=FL&eventid=1103671&episodeid=3,https://www.gdacs.org/report.aspx?eventid=1103671&episodeid=3&eventtype=FL,https://www.gdacs.org/gdacsapi/api/events/geteventdata?eventtype=FL&eventid=1103671,"{'type': 'Point', 'coordinates': [3.3027762, 43.6546177]}"
264,Processed,9.2324,105.0688,12.936,22.8728,FL-1103656,EU020M,France,FRA,1103656,Green,1,2025-12-04T01:00:00,2025-12-06T01:00:00,https://www.gdacs.org/gdacsapi/api/polygons/getgeometry?eventtype=FL&eventid=1103656&episodeid=1,https://www.gdacs.org/report.aspx?eventid=1103656&episodeid=1&eventtype=FL,https://www.gdacs.org/gdacsapi/api/events/geteventdata?eventtype=FL&eventid=1103656,"{'type': 'Point', 'coordinates': [-0.574187, 43.757456]}"
265,Processed,17.4388,134.61,17.8996,26.3876,FL-1103726,EU020M,Italy,ITA,1103726,Green,1,2026-01-19T01:00:00,2026-01-29T01:00:00,https://www.gdacs.org/gdacsapi/api/polygons/getgeometry?eventtype=FL&eventid=1103726&episodeid=6,https://www.gdacs.org/report.aspx?eventid=1103726&episodeid=6&eventtype=FL,https://www.gdacs.org/gdacsapi/api/events/geteventdata?eventtype=FL&eventid=1103726,"{'type': 'Point', 'coordinates': [9.0975894, 40.0615029]}"
266,Processed,31.756,2202.5108,46.2672,50.7524,FL-1103717,EU020M,France,FRA,1103717,Green,1,2026-01-15T01:00:00,2026-01-26T01:00:00,https://www.gdacs.org/gdacsapi/api/polygons/getgeometry?eventtype=FL&eventid=1103717&episodeid=6,https://www.gdacs.org/report.aspx?eventid=1103717&episodeid=6&eventtype=FL,https://www.gdacs.org/gdacsapi/api/events/geteventdata?eventtype=FL&eventid=1103717,"{'type': 'Point', 'coordinates': [2.4064878, 49.4120546]}"
267,Processed,18.3312,842.1904,18.5316,28.5028,FL-1103707,EU020M,Belgium,BEL,1103707,Green,1,2026-01-09T01:00:00,2026-01-12T01:00:00,https://www.gdacs.org/gdacsapi/api/polygons/getgeometry?eventtype=FL&eventid=1103707&episodeid=1,https://www.gdacs.org/report.aspx?eventid=1103707&episodeid=1&eventtype=FL,https://www.gdacs.org/gdacsapi/api/events/geteventdata?eventtype=FL&eventid=1103707,"{'type': 'Point', 'coordinates': [3.0439698, 50.7782244]}"
268,Processed,15.0452,181.4756,16.2816,19.064,FL-1103696,EU020M,Italy,ITA,1103696,Green,1,2026-01-04T01:00:00,2026-01-07T01:00:00,https://www.gdacs.org/gdacsapi/api/polygons/getgeometry?eventtype=FL&eventid=1103696&episodeid=2,https://www.gdacs.org/report.aspx?eventid=1103696&episodeid=2&eventtype=FL,https://www.gdacs.org/gdacsapi/api/events/geteventdata?eventtype=FL&eventid=1103696,"{'type': 'Point', 'coordinates': [17.735612, 40.465627]}"
269,Processed,11.0088,88.0536,25.4796,36.2288,FL-1103754,EU020M,Italy,ITA,1103754,Green,1,2026-02-06T01:00:00,2026-02-21T01:00:00,https://www.gdacs.org/gdacsapi/api/polygons/getgeometry?eventtype=FL&eventid=1103754&episodeid=11,https://www.gdacs.org/report.aspx?eventid=1103754&episodeid=11&eventtype=FL,https://www.gdacs.org/gdacsapi/api/events/geteventdata?eventtype=FL&eventid=1103754,"{'type': 'Point', 'coordinates': [8.9338624, 44.40726]}"
270,Processed,252.718,1498.3904,242.6488,320.3084,FL-1103760,EU020M,France,FRA,1103760,Green,1,2026-02-03T01:00:00,2026-02-20T13:00:00,https://www.gdacs.org/gdacsapi/api/polygons/getgeometry?eventtype=FL&eventid=1103760&episodeid=5,https://www.gdacs.org/report.aspx?eventid=1103760&episodeid=5&eventtype=FL,https://www.gdacs.org/gdacsapi/api/events/geteventdata?eventtype=FL&eventid=1103760,"{'type': 'Point', 'coordinates': [-0.6300671, 45.7460663]}"
271,Processed,12.08,156.892,44.92,2855.5044,FL-1000128,AF020M,Sudan,SDN,1000128,Green,1,2017-08-20T00:00:00,2017-08-22T00:00:00,https://www.gdacs.org/gdacsapi/api/polygons/getgeometry?eventtype=FL&eventid=1000128&episodeid=1,https://www.gdacs.org/report.aspx?eventid=1000128&episodeid=1&eventtype=FL,https://www.gdacs.org/gdacsapi/api/events/geteventdata?eventtype=FL&eventid=1000128,"{'type': 'Point', 'coordinates': [25.347, 13.612]}"
272,Processed,453.55,576.1444,741.4244,10344.5912,FL-1000196,AF020M,Kenya,KEN,1000196,green,1,2018-03-01T00:00:00,2018-05-17T00:00:00,https://www.gdacs.org/gdacsapi/api/polygons/getgeometry?eventtype=FL&eventid=1000196&episodeid=1,https://www.gdacs.org/report.aspx?eventid=1000196&episodeid=1&eventtype=FL,https://www.gdacs.org/gdacsapi/api/events/geteventdata?eventtype=FL&eventid=1000196,"{'type': 'Point', 'coordinates': [38.105, 1.184]}"
273,Processed,91.5572,250.4428,95.2544,1378.8768,FL-1000172,AF020M,Kenya,KEN,1000172,green,1,2018-03-02T00:00:00,2018-03-21T00:00:00,https://www.gdacs.org/gdacsapi/api/polygons/getgeometry?eventtype=FL&eventid=1000172&episodeid=2,https://www.gdacs.org/report.aspx?eventid=1000172&episodeid=2&eventtype=FL,https://www.gdacs.org/gdacsapi/api/events/geteventdata?eventtype=FL&eventid=1000172,"{'type': 'Point', 'coordinates': [36.882, -1.46]}"
274,Processed,159.4428,196.4732,187.0932,2497.3016,FL-1000192,AF020M,Somalia,SOM,1000192,Green,1,2018-04-29T00:00:00,2018-05-15T00:00:00,https://www.gdacs.org/gdacsapi/api/polygons/getgeometry?eventtype=FL&eventid=1000192&episodeid=1,https://www.gdacs.org/report.aspx?eventid=1000192&episodeid=1&eventtype=FL,https://www.gdacs.org/gdacsapi/api/events/geteventdata?eventtype=FL&eventid=1000192,"{'type': 'Point', 'coordinates': [44.124, 3.117]}"
275,Processed,12.8504,12.2164,18.8576,28.6296,FL-1000190,AF020M,Kenya,KEN,1000190,Green,1,2018-04-21T00:00:00,2018-04-23T00:00:00,https://www.gdacs.org/gdacsapi/api/polygons/getgeometry?eventtype=FL&eventid=1000190&episodeid=1,https://www.gdacs.org/report.aspx?eventid=1000190&episodeid=1&eventtype=FL,https://www.gdacs.org/gdacsapi/api/events/geteventdata?eventtype=FL&eventid=1000190,"{'type': 'Point', 'coordinates': [35.126, -0.682]}"
276,Processed,50.4356,68.182,35.5328,4083.7072,FL-1000185,AF020M,Kenya,KEN,1000185,green,1,2018-04-09T00:00:00,2018-04-13T00:00:00,https://www.gdacs.org/gdacsapi/api/polygons/getgeometry?eventtype=FL&eventid=1000185&episodeid=1,https://www.gdacs.org/report.aspx?eventid=1000185&episodeid=1&eventtype=FL,https://www.gdacs.org/gdacsapi/api/events/geteventdata?eventtype=FL&eventid=1000185,"{'type': 'Point', 'coordinates': [37.349, 1.077]}"
277,Processed,117.4972,225.524,63.9168,2157.2544,FL-1000202,AF020M,Ethiopia,ETH,1000202,green,1,2018-05-27T00:00:00,2018-05-29T00:00:00,https://www.gdacs.org/gdacsapi/api/polygons/getgeometry?eventtype=FL&eventid=1000202&episodeid=1,https://www.gdacs.org/report.aspx?eventid=1000202&episodeid=1&eventtype=FL,https://www.gdacs.org/gdacsapi/api/events/geteventdata?eventtype=FL&eventid=1000202,"{'type': 'Point', 'coordinates': [37.195, 8.213]}"
278,Processed,14.578,81.4796,16.072,353.4956,FL-1000195,AF020M,South Sudan,SSD,1000195,green,1,2018-05-13T00:00:00,2018-05-17T00:00:00,https://www.gdacs.org/gdacsapi/api/polygons/getgeometry?eventtype=FL&eventid=1000195&episodeid=1,https://www.gdacs.org/report.aspx?eventid=1000195&episodeid=1&eventtype=FL,https://www.gdacs.org/gdacsapi/api/events/geteventdata?eventtype=FL&eventid=1000195,"{'type': 'Point', 'coordinates': [31.582, 6.23]}"
279,Processed,0.838,6.336,2.9908,8506.7428,FL-1100145,AF020M,Sudan,SDN,1100145,Green,1,2019-06-10T00:00:00,2019-06-12T00:00:00,https://www.gdacs.org/gdacsapi/api/polygons/getgeometry?eventtype=FL&eventid=1100145&episodeid=1,https://www.gdacs.org/report.aspx?eventid=1100145&episodeid=1&eventtype=FL,https://www.gdacs.org/gdacsapi/api/events/geteventdata?eventtype=FL&eventid=1100145,"{'type': 'Point', 'coordinates': [25.0953913, 13.5921931]}"
280,Processed,0.0512,1.9324,0.3756,113.0232,FL-1100177,AF020M,Kenya,KEN,1100177,Green,1,2019-09-01T00:00:00,2019-09-02T00:00:00,https://www.gdacs.org/gdacsapi/api/polygons/getgeometry?eventtype=FL&eventid=1100177&episodeid=1,https://www.gdacs.org/report.aspx?eventid=1100177&episodeid=1&eventtype=FL,https://www.gdacs.org/gdacsapi/api/events/geteventdata?eventtype=FL&eventid=1100177,"{'type': 'Point', 'coordinates': [36.3003731, -0.872926]}"
281,Processed,390.8092,997.1328,550.7476,12495.4404,FL-1100119,AF020M,Sudan,SDN,1100119,Green,1,2019-08-08T00:00:00,2019-08-16T00:00:00,https://www.gdacs.org/gdacsapi/api/polygons/getgeometry?eventtype=FL&eventid=1100119&episodeid=2,https://www.gdacs.org/report.aspx?eventid=1100119&episodeid=2&eventtype=FL,https://www.gdacs.org/gdacsapi/api/events/geteventdata?eventtype=FL&eventid=1100119,"{'type': 'Point', 'coordinates': [30.0036566, 13.0687821]}"
282,Processed,76.8188,333.176,257.6152,6673.7684,FL-1100229,AF020M,South Sudan,SSD,1100229,Orange,2,2019-10-01T00:00:00,2019-10-29T07:00:00,https://www.gdacs.org/gdacsapi/api/polygons/getgeometry?eventtype=FL&eventid=1100229&episodeid=1,https://www.gdacs.org/report.aspx?eventid=1100229&episodeid=1&eventtype=FL,https://www.gdacs.org/gdacsapi/api/events/geteventdata?eventtype=FL&eventid=1100229,"{'type': 'Point', 'coordinates': [33.8079669, 9.9656487]}"
283,Processed,56.9332,30.7604,72.3604,13848.4936,FL-1100240,AF020M,Somalia,SOM,1100240,Orange,2,2019-10-20T00:00:00,2019-10-20T00:00:00,https://www.gdacs.org/gdacsapi/api/polygons/getgeometry?eventtype=FL&eventid=1100240&episodeid=1,https://www.gdacs.org/report.aspx?eventid=1100240&episodeid=1&eventtype=FL,https://www.gdacs.org/gdacsapi/api/events/geteventdata?eventtype=FL&eventid=1100240,"{'type': 'Point', 'coordinates': [49.6873486313978, 7.98751735]}"
284,Processed,18.4232,15.8656,186.9392,2746.2384,FL-1100243,AF020M,Ethiopia,ETH,1100243,Green,1,2019-10-13T00:00:00,2019-10-13T00:00:00,https://www.gdacs.org/gdacsapi/api/polygons/getgeometry?eventtype=FL&eventid=1100243&episodeid=1,https://www.gdacs.org/report.aspx?eventid=1100243&episodeid=1&eventtype=FL,https://www.gdacs.org/gdacsapi/api/events/geteventdata?eventtype=FL&eventid=1100243,"{'type': 'Point', 'coordinates': [43.5653972, 5.9492085]}"
285,Processed,18.806,10.5928,22.2524,8337.808,FL-1100210,AF020M,Sudan,SDN,1100210,Green,1,2019-10-04T00:00:00,2019-10-08T00:00:00,https://www.gdacs.org/gdacsapi/api/polygons/getgeometry?eventtype=FL&eventid=1100210&episodeid=1,https://www.gdacs.org/report.aspx?eventid=1100210&episodeid=1&eventtype=FL,https://www.gdacs.org/gdacsapi/api/events/geteventdata?eventtype=FL&eventid=1100210,"{'type': 'Point', 'coordinates': [26.7077582, 12.924266]}"
286,Processed,3.7844,5.9576,3.146,268.494,FL-1100208,AF020M,Ethiopia,ETH,1100208,Green,1,2019-10-05T00:00:00,2019-10-05T00:00:00,https://www.gdacs.org/gdacsapi/api/polygons/getgeometry?eventtype=FL&eventid=1100208&episodeid=1,https://www.gdacs.org/report.aspx?eventid=1100208&episodeid=1&eventtype=FL,https://www.gdacs.org/gdacsapi/api/events/geteventdata?eventtype=FL&eventid=1100208,"{'type': 'Point', 'coordinates': [40.2332854, 3.4417345]}"
287,Processed,39.764,24.9456,425.2148,200.3376,FL-1100267,AF020M,Kenya,KEN,1100267,Green,1,2019-11-23T00:00:00,2019-11-23T00:00:00,https://www.gdacs.org/gdacsapi/api/polygons/getgeometry?eventtype=FL&eventid=1100267&episodeid=1,https://www.gdacs.org/report.aspx?eventid=1100267&episodeid=1&eventtype=FL,https://www.gdacs.org/gdacsapi/api/events/geteventdata?eventtype=FL&eventid=1100267,"{'type': 'Point', 'coordinates': [35.3015815, 0.5524688]}"
288,Processed,2.6032,2.3944,11.2468,1316.8336,FL-1100261,AF020M,Djibouti,DJI,1100261,Green,1,2019-11-21T00:00:00,2019-11-21T00:00:00,https://www.gdacs.org/gdacsapi/api/polygons/getgeometry?eventtype=FL&eventid=1100261&episodeid=1,https://www.gdacs.org/report.aspx?eventid=1100261&episodeid=1&eventtype=FL,https://www.gdacs.org/gdacsapi/api/events/geteventdata?eventtype=FL&eventid=1100261,"{'type': 'Point', 'coordinates': [43.145961, 11.5714548]}"
289,Processed,18.048,1030.3664,30.762,14355.0332,FL-1100313,AF020M,Somalia,SOM,1100313,Green,1,2019-12-07T00:00:00,2019-12-07T00:00:00,https://www.gdacs.org/gdacsapi/api/polygons/getgeometry?eventtype=FL&eventid=1100313&episodeid=1,https://www.gdacs.org/report.aspx?eventid=1100313&episodeid=1&eventtype=FL,https://www.gdacs.org/gdacsapi/api/events/geteventdata?eventtype=FL&eventid=1100313,"{'type': 'Point', 'coordinates': [49.8143533, 7.9809434]}"
290,Processed,0.0264,0.4048,0.038,211.7108,FL-1100349,AF020M,Kenya,KEN,1100349,Green,1,2020-01-26T00:00:00,2020-01-26T00:00:00,https://www.gdacs.org/gdacsapi/api/polygons/getgeometry?eventtype=FL&eventid=1100349&episodeid=2,https://www.gdacs.org/report.aspx?eventid=1100349&episodeid=2&eventtype=FL,https://www.gdacs.org/gdacsapi/api/events/geteventdata?eventtype=FL&eventid=1100349,"{'type': 'Point', 'coordinates': [35.0004251802353, 1.1638854]}"
291,Processed,0.0,0.0,0.0,0.1712,FL-1100414,AF020M,Kenya,KEN,1100414,Green,1,2020-03-26T00:00:00,2020-03-26T00:00:00,https://www.gdacs.org/gdacsapi/api/polygons/getgeometry?eventtype=FL&eventid=1100414&episodeid=2,https://www.gdacs.org/report.aspx?eventid=1100414&episodeid=2&eventtype=FL,https://www.gdacs.org/gdacsapi/api/events/geteventdata?eventtype=FL&eventid=1100414,"{'type': 'Point', 'coordinates': [34.7670655856408, -0.0916671]}"
292,Processed,121.4124,59.3364,276.5504,15475.5672,FL-1100433,AF020M,Kenya,KEN,1100433,Orange,2,2020-04-18T00:00:00,2020-04-29T00:00:00,https://www.gdacs.org/gdacsapi/api/polygons/getgeometry?eventtype=FL&eventid=1100433&episodeid=3,https://www.gdacs.org/report.aspx?eventid=1100433&episodeid=3&eventtype=FL,https://www.gdacs.org/gdacsapi/api/events/geteventdata?eventtype=FL&eventid=1100433,"{'type': 'Point', 'coordinates': [35.5977228218592, 2.76556575]}"
293,Processed,258.636,70.8812,354.2828,10846.6416,FL-1100448,AF020M,Ethiopia,ETH,1100448,Green,1,2020-04-24T00:00:00,2020-04-27T00:00:00,https://www.gdacs.org/gdacsapi/api/polygons/getgeometry?eventtype=FL&eventid=1100448&episodeid=3,https://www.gdacs.org/report.aspx?eventid=1100448&episodeid=3&eventtype=FL,https://www.gdacs.org/gdacsapi/api/events/geteventdata?eventtype=FL&eventid=1100448,"{'type': 'Point', 'coordinates': [41.8513448, 9.5990678]}"
294,Processed,130.5772,61.0516,213.0984,687.226,FL-1100447,AF020M,Djibouti,DJI,1100447,Green,1,2020-04-20T00:00:00,2020-04-22T00:00:00,https://www.gdacs.org/gdacsapi/api/polygons/getgeometry?eventtype=FL&eventid=1100447&episodeid=1,https://www.gdacs.org/report.aspx?eventid=1100447&episodeid=1&eventtype=FL,https://www.gdacs.org/gdacsapi/api/events/geteventdata?eventtype=FL&eventid=1100447,"{'type': 'Point', 'coordinates': [43.146055, 11.5714338]}"
295,Processed,17.0344,34.932,18.1476,2118.9872,FL-1100450,AF020M,Somalia,SOM,1100450,Orange,2,2020-04-20T00:00:00,2020-04-20T00:00:00,https://www.gdacs.org/gdacsapi/api/polygons/getgeometry?eventtype=FL&eventid=1100450&episodeid=1,https://www.gdacs.org/report.aspx?eventid=1100450&episodeid=1&eventtype=FL,https://www.gdacs.org/gdacsapi/api/events/geteventdata?eventtype=FL&eventid=1100450,"{'type': 'Point', 'coordinates': [42.0756619, 0.515005]}"
296,Processed,0.64,1.806,0.5752,6.6312,FL-1100449,AF020M,Kenya,KEN,1100449,Green,1,2020-04-16T00:00:00,2020-04-16T00:00:00,https://www.gdacs.org/gdacsapi/api/polygons/getgeometry?eventtype=FL&eventid=1100449&episodeid=1,https://www.gdacs.org/report.aspx?eventid=1100449&episodeid=1&eventtype=FL,https://www.gdacs.org/gdacsapi/api/events/geteventdata?eventtype=FL&eventid=1100449,"{'type': 'Point', 'coordinates': [34.5731341, 0.5090396]}"
297,Processed,89.7528,92.9996,111.732,705.2444,FL-1100479,AF020M,Somalia,SOM,1100479,Orange,2,2020-05-21T14:00:00,2020-05-29T14:00:00,https://www.gdacs.org/gdacsapi/api/polygons/getgeometry?eventtype=FL&eventid=1100479&episodeid=1,https://www.gdacs.org/report.aspx?eventid=1100479&episodeid=1&eventtype=FL,https://www.gdacs.org/gdacsapi/api/events/geteventdata?eventtype=FL&eventid=1100479,"{'type': 'Point', 'coordinates': [45.338564, 2.042778]}"
298,Processed,13.0504,5.82,25.4516,2135.3204,FL-1100488,AF020M,Ethiopia,ETH,1100488,Green,1,2020-05-28T00:00:00,2020-05-29T00:00:00,https://www.gdacs.org/gdacsapi/api/polygons/getgeometry?eventtype=FL&eventid=1100488&episodeid=1,https://www.gdacs.org/report.aspx?eventid=1100488&episodeid=1&eventtype=FL,https://www.gdacs.org/gdacsapi/api/events/geteventdata?eventtype=FL&eventid=1100488,"{'type': 'Point', 'coordinates': [37.2558082100171, 6.13953]}"
299,Processed,1.4376,0.4496,2.096,73.1308,FL-1100464,AF020M,Somalia,SOM,1100464,Green,1,2020-05-10T00:00:00,2020-05-12T00:00:00,https://www.gdacs.org/gdacsapi/api/polygons/getgeometry?eventtype=FL&eventid=1100464&episodeid=1,https://www.gdacs.org/report.aspx?eventid=1100464&episodeid=1&eventtype=FL,https://www.gdacs.org/gdacsapi/api/events/geteventdata?eventtype=FL&eventid=1100464,"{'type': 'Point', 'coordinates': [45.3182093, 2.0468854]}"
300,Processed,14.6716,14.482,284.964,244.0596,FL-1100465,AF020M,Kenya,KEN,1100465,Green,1,2020-05-09T00:00:00,2020-05-09T00:00:00,https://www.gdacs.org/gdacsapi/api/polygons/getgeometry?eventtype=FL&eventid=1100465&episodeid=2,https://www.gdacs.org/report.aspx?eventid=1100465&episodeid=2&eventtype=FL,https://www.gdacs.org/gdacsapi/api/events/geteventdata?eventtype=FL&eventid=1100465,"{'type': 'Point', 'coordinates': [40.705616472606, 3.2285332]}"
301,Processed,48.276,160.9596,75.788,7647.038,FL-1100574,AF020M,South Sudan,SSD,1100574,Orange,2,2020-07-28T00:00:00,2020-08-12T00:00:00,https://www.gdacs.org/gdacsapi/api/polygons/getgeometry?eventtype=FL&eventid=1100574&episodeid=1,https://www.gdacs.org/report.aspx?eventid=1100574&episodeid=1&eventtype=FL,https://www.gdacs.org/gdacsapi/api/events/geteventdata?eventtype=FL&eventid=1100574,"{'type': 'Point', 'coordinates': [31.5640276, 6.2124362]}"
302,Processed,76.168,533.8936,95.3296,10874.6016,FL-1100561,AF020M,Sudan,SDN,1100561,Green,1,2020-07-27T00:00:00,2020-07-27T00:00:00,https://www.gdacs.org/gdacsapi/api/polygons/getgeometry?eventtype=FL&eventid=1100561&episodeid=2,https://www.gdacs.org/report.aspx?eventid=1100561&episodeid=2&eventtype=FL,https://www.gdacs.org/gdacsapi/api/events/geteventdata?eventtype=FL&eventid=1100561,"{'type': 'Point', 'coordinates': [34.1525, 11.5765]}"
303,Processed,205.8416,185.3344,396.9344,8509.2852,FL-1100570,AF020M,Ethiopia,ETH,1100570,Green,1,2020-07-20T00:00:00,2020-07-20T00:00:00,https://www.gdacs.org/gdacsapi/api/polygons/getgeometry?eventtype=FL&eventid=1100570&episodeid=1,https://www.gdacs.org/report.aspx?eventid=1100570&episodeid=1&eventtype=FL,https://www.gdacs.org/gdacsapi/api/events/geteventdata?eventtype=FL&eventid=1100570,"{'type': 'Point', 'coordinates': [40.976098, 11.7230913]}"
304,Processed,0.0,0.0024,0.0,57.8116,FL-1100594,AF020M,Kenya,KEN,1100594,Green,1,2020-08-17T00:00:00,2020-08-17T00:00:00,https://www.gdacs.org/gdacsapi/api/polygons/getgeometry?eventtype=FL&eventid=1100594&episodeid=1,https://www.gdacs.org/report.aspx?eventid=1100594&episodeid=1&eventtype=FL,https://www.gdacs.org/gdacsapi/api/events/geteventdata?eventtype=FL&eventid=1100594,"{'type': 'Point', 'coordinates': [35.5977228218592, 2.76556575]}"
305,Processed,0.2072,430.6384,1.7364,2663.886,FL-1100681,AF020M,Somalia,SOM,1100681,Green,1,2020-11-22T00:00:00,2020-11-22T00:00:00,https://www.gdacs.org/gdacsapi/api/polygons/getgeometry?eventtype=FL&eventid=1100681&episodeid=1,https://www.gdacs.org/report.aspx?eventid=1100681&episodeid=1&eventtype=FL,https://www.gdacs.org/gdacsapi/api/events/geteventdata?eventtype=FL&eventid=1100681,"{'type': 'Point', 'coordinates': [50.9601910305501, 10.65544775]}"
306,Processed,53.2756,16.3024,137.274,1141.7516,FL-1100862,AF020M,Somalia,SOM,1100862,Green,1,2021-05-01T01:00:00,2021-05-03T01:00:00,https://www.gdacs.org/gdacsapi/api/polygons/getgeometry?eventtype=FL&eventid=1100862&episodeid=1,https://www.gdacs.org/report.aspx?eventid=1100862&episodeid=1&eventtype=FL,https://www.gdacs.org/gdacsapi/api/events/geteventdata?eventtype=FL&eventid=1100862,"{'type': 'Point', 'coordinates': [46.5500979629199, 9.21000005]}"
307,Processed,54.0948,52.1392,140.4328,3729.7312,FL-1100874,AF020M,Ethiopia,ETH,1100874,Green,1,2021-04-26T01:00:00,2021-04-28T01:00:00,https://www.gdacs.org/gdacsapi/api/polygons/getgeometry?eventtype=FL&eventid=1100874&episodeid=1,https://www.gdacs.org/report.aspx?eventid=1100874&episodeid=1&eventtype=FL,https://www.gdacs.org/gdacsapi/api/events/geteventdata?eventtype=FL&eventid=1100874,"{'type': 'Point', 'coordinates': [41.0330866, 11.7108206]}"
308,Processed,31.9188,9.6704,30.8888,1843.0936,FL-1100861,AF020M,Ethiopia,ETH,1100861,Green,1,2021-05-02T01:00:00,2021-05-05T01:00:00,https://www.gdacs.org/gdacsapi/api/polygons/getgeometry?eventtype=FL&eventid=1100861&episodeid=1,https://www.gdacs.org/report.aspx?eventid=1100861&episodeid=1&eventtype=FL,https://www.gdacs.org/gdacsapi/api/events/geteventdata?eventtype=FL&eventid=1100861,"{'type': 'Point', 'coordinates': [41.9797191, 9.5912196]}"
309,Processed,819.8116,413.5568,1108.7448,17002.178,FL-1100980,AF020M,Sudan,SDN,1100980,Green,1,2021-07-01T01:00:00,2021-07-26T01:00:00,https://www.gdacs.org/gdacsapi/api/polygons/getgeometry?eventtype=FL&eventid=1100980&episodeid=3,https://www.gdacs.org/report.aspx?eventid=1100980&episodeid=3&eventtype=FL,https://www.gdacs.org/gdacsapi/api/events/geteventdata?eventtype=FL&eventid=1100980,"{'type': 'Point', 'coordinates': [23.1334, 11.800408]}"
310,Processed,10.9436,6.5048,19.192,292.6812,FL-1101044,AF020M,Ethiopia,ETH,1101044,Green,1,2021-08-17T01:00:00,2021-08-18T01:00:00,https://www.gdacs.org/gdacsapi/api/polygons/getgeometry?eventtype=FL&eventid=1101044&episodeid=1,https://www.gdacs.org/report.aspx?eventid=1101044&episodeid=1&eventtype=FL,https://www.gdacs.org/gdacsapi/api/events/geteventdata?eventtype=FL&eventid=1101044,"{'type': 'Point', 'coordinates': [38.7612525, 9.0107934]}"
311,Processed,5.812,2.44,17.5792,4627.2096,FL-1101035,AF020M,Somalia,SOM,1101035,Green,1,2021-08-11T01:00:00,2021-08-13T01:00:00,https://www.gdacs.org/gdacsapi/api/polygons/getgeometry?eventtype=FL&eventid=1101035&episodeid=1,https://www.gdacs.org/report.aspx?eventid=1101035&episodeid=1&eventtype=FL,https://www.gdacs.org/gdacsapi/api/events/geteventdata?eventtype=FL&eventid=1101035,"{'type': 'Point', 'coordinates': [44.18116, 10.07668]}"
312,Processed,169.782,124.9424,366.0188,1696.2928,FL-1101017,AF020M,Ethiopia,ETH,1101017,Green,1,2021-08-07T01:00:00,2021-08-09T01:00:00,https://www.gdacs.org/gdacsapi/api/polygons/getgeometry?eventtype=FL&eventid=1101017&episodeid=1,https://www.gdacs.org/report.aspx?eventid=1101017&episodeid=1&eventtype=FL,https://www.gdacs.org/gdacsapi/api/events/geteventdata?eventtype=FL&eventid=1101017,"{'type': 'Point', 'coordinates': [41.0330866, 11.7108206]}"
313,Processed,0.2108,6.3756,2.2516,21.5644,FL-1101198,AF020M,Kenya,KEN,1101198,Green,1,2021-12-04T01:00:00,2021-12-06T01:00:00,https://www.gdacs.org/gdacsapi/api/polygons/getgeometry?eventtype=FL&eventid=1101198&episodeid=1,https://www.gdacs.org/report.aspx?eventid=1101198&episodeid=1&eventtype=FL,https://www.gdacs.org/gdacsapi/api/events/geteventdata?eventtype=FL&eventid=1101198,"{'type': 'Point', 'coordinates': [38.0666, -0.9333]}"
314,Processed,5.72,18.2404,6.2744,296.038,FL-1101262,AF020M,Kenya,KEN,1101262,Green,1,2022-01-15T01:00:00,2022-01-19T01:00:00,https://www.gdacs.org/gdacsapi/api/polygons/getgeometry?eventtype=FL&eventid=1101262&episodeid=2,https://www.gdacs.org/report.aspx?eventid=1101262&episodeid=2&eventtype=FL,https://www.gdacs.org/gdacsapi/api/events/geteventdata?eventtype=FL&eventid=1101262,"{'type': 'Point', 'coordinates': [37.9723943, 2.3390865]}"
315,Processed,3.1148,13.5516,3.6116,116.3048,FL-1101299,AF020M,Kenya,KEN,1101299,Green,1,2022-02-22T01:00:00,2022-02-23T01:00:00,https://www.gdacs.org/gdacsapi/api/polygons/getgeometry?eventtype=FL&eventid=1101299&episodeid=1,https://www.gdacs.org/report.aspx?eventid=1101299&episodeid=1&eventtype=FL,https://www.gdacs.org/gdacsapi/api/events/geteventdata?eventtype=FL&eventid=1101299,"{'type': 'Point', 'coordinates': [35.4774228493257, -1.27793655]}"
316,Processed,133.3488,39.9624,147.4768,5137.1564,FL-1101535,AF020M,Sudan,SDN,1101535,Green,1,2022-06-01T01:00:00,2022-06-03T01:00:00,https://www.gdacs.org/gdacsapi/api/polygons/getgeometry?eventtype=FL&eventid=1101535&episodeid=1,https://www.gdacs.org/report.aspx?eventid=1101535&episodeid=1&eventtype=FL,https://www.gdacs.org/gdacsapi/api/events/geteventdata?eventtype=FL&eventid=1101535,"{'type': 'Point', 'coordinates': [29.4917691, 14.5844444]}"
317,Processed,41.314,147.884,64.9612,1620.166,FL-1101733,AF020M,Ethiopia,ETH,1101733,Orange,2,2022-08-01T01:00:00,2022-11-08T01:00:00,https://www.gdacs.org/gdacsapi/api/polygons/getgeometry?eventtype=FL&eventid=1101733&episodeid=1,https://www.gdacs.org/report.aspx?eventid=1101733&episodeid=1&eventtype=FL,https://www.gdacs.org/gdacsapi/api/events/geteventdata?eventtype=FL&eventid=1101733,"{'type': 'Point', 'coordinates': [34.5877344, 8.2503656]}"
318,Processed,29.3492,19.2272,132.38,685.1384,FL-1101589,AF020M,Djibouti,DJI,1101589,Green,1,2022-08-01T01:00:00,2022-08-03T01:00:00,https://www.gdacs.org/gdacsapi/api/polygons/getgeometry?eventtype=FL&eventid=1101589&episodeid=1,https://www.gdacs.org/report.aspx?eventid=1101589&episodeid=1&eventtype=FL,https://www.gdacs.org/gdacsapi/api/events/geteventdata?eventtype=FL&eventid=1101589,"{'type': 'Point', 'coordinates': [42.8453061, 11.8145966]}"
319,Processed,8.32,36.526,0.0204,23.1624,FL-1101651,AF020M,Sudan,SDN,1101651,Green,1,2022-08-15T01:00:00,2022-08-17T01:00:00,https://www.gdacs.org/gdacsapi/api/polygons/getgeometry?eventtype=FL&eventid=1101651&episodeid=1,https://www.gdacs.org/report.aspx?eventid=1101651&episodeid=1&eventtype=FL,https://www.gdacs.org/gdacsapi/api/events/geteventdata?eventtype=FL&eventid=1101651,"{'type': 'Point', 'coordinates': [30.3371733, 9.4548402]}"
320,Processed,38.196,11.2192,69.4716,217.1612,FL-1101657,AF020M,Kenya,KEN,1101657,Green,1,2022-09-07T01:00:00,2022-09-09T01:00:00,https://www.gdacs.org/gdacsapi/api/polygons/getgeometry?eventtype=FL&eventid=1101657&episodeid=1,https://www.gdacs.org/report.aspx?eventid=1101657&episodeid=1&eventtype=FL,https://www.gdacs.org/gdacsapi/api/events/geteventdata?eventtype=FL&eventid=1101657,"{'type': 'Point', 'coordinates': [34.4813935, 0.3333086]}"
321,Processed,457.4272,1430.5372,165.3196,11496.8644,FL-1101749,AF020M,Kenya,KEN,1101749,Green,1,2022-11-16T01:00:00,2022-11-18T01:00:00,https://www.gdacs.org/gdacsapi/api/polygons/getgeometry?eventtype=FL&eventid=1101749&episodeid=1,https://www.gdacs.org/report.aspx?eventid=1101749&episodeid=1&eventtype=FL,https://www.gdacs.org/gdacsapi/api/events/geteventdata?eventtype=FL&eventid=1101749,"{'type': 'Point', 'coordinates': [40.3563869057871, -0.52360305]}"
322,Processed,83.8704,240.8712,105.1436,2966.6332,FL-1101908,AF020M,Somalia,SOM,1101908,Orange,2,2023-03-20T01:00:00,2023-04-14T01:00:00,https://www.gdacs.org/gdacsapi/api/polygons/getgeometry?eventtype=FL&eventid=1101908&episodeid=1,https://www.gdacs.org/report.aspx?eventid=1101908&episodeid=1&eventtype=FL,https://www.gdacs.org/gdacsapi/api/events/geteventdata?eventtype=FL&eventid=1101908,"{'type': 'Point', 'coordinates': [42.2849308, 2.3372449]}"
323,Processed,7.7348,14.2464,14.636,883.8156,FL-1101902,AF020M,Kenya,KEN,1101902,Green,1,2023-03-22T01:00:00,2023-03-24T01:00:00,https://www.gdacs.org/gdacsapi/api/polygons/getgeometry?eventtype=FL&eventid=1101902&episodeid=1,https://www.gdacs.org/report.aspx?eventid=1101902&episodeid=1&eventtype=FL,https://www.gdacs.org/gdacsapi/api/events/geteventdata?eventtype=FL&eventid=1101902,"{'type': 'Point', 'coordinates': [37.7154891859004, 2.85795825]}"
324,Processed,74.5744,191.7708,59.8568,987.162,FL-1102133,AF020M,Somalia,SOM,1102133,Green,1,2023-07-05T01:00:00,2023-07-07T01:00:00,https://www.gdacs.org/gdacsapi/api/polygons/getgeometry?eventtype=FL&eventid=1102133&episodeid=1,https://www.gdacs.org/report.aspx?eventid=1102133&episodeid=1&eventtype=FL,https://www.gdacs.org/gdacsapi/api/events/geteventdata?eventtype=FL&eventid=1102133,"{'type': 'Point', 'coordinates': [45.3879323, 2.3592887]}"
325,Processed,5.3704,41.9412,6.706,27.8244,FL-1102221,AF020M,Sudan,SDN,1102221,Green,1,2023-09-01T01:00:00,2023-09-03T01:00:00,https://www.gdacs.org/gdacsapi/api/polygons/getgeometry?eventtype=FL&eventid=1102221&episodeid=1,https://www.gdacs.org/report.aspx?eventid=1102221&episodeid=1&eventtype=FL,https://www.gdacs.org/gdacsapi/api/events/geteventdata?eventtype=FL&eventid=1102221,"{'type': 'Point', 'coordinates': [34.055823, 17.9984928]}"
326,Processed,158.434,493.8092,2.1272,521.1016,FL-1102257,AF020M,Ethiopia,ETH,1102257,Green,1,2023-09-08T01:00:00,2023-09-10T01:00:00,https://www.gdacs.org/gdacsapi/api/polygons/getgeometry?eventtype=FL&eventid=1102257&episodeid=2,https://www.gdacs.org/report.aspx?eventid=1102257&episodeid=2&eventtype=FL,https://www.gdacs.org/gdacsapi/api/events/geteventdata?eventtype=FL&eventid=1102257,"{'type': 'Point', 'coordinates': [34.1822172, 7.8102647]}"
327,Processed,364.7148,335.1836,685.3412,15532.7628,FL-1102258,AF020M,Somalia,SOM,1102258,Orange,2,2023-10-04T01:00:00,2023-12-06T01:00:00,https://www.gdacs.org/gdacsapi/api/polygons/getgeometry?eventtype=FL&eventid=1102258&episodeid=1,https://www.gdacs.org/report.aspx?eventid=1102258&episodeid=1&eventtype=FL,https://www.gdacs.org/gdacsapi/api/events/geteventdata?eventtype=FL&eventid=1102258,"{'type': 'Point', 'coordinates': [49.083416, 8.3676771]}"
328,Processed,363.1116,300.8332,679.3732,6147.2364,FL-1102288,AF020M,Kenya,KEN,1102288,Orange,2,2023-10-23T01:00:00,2023-12-06T01:00:00,https://www.gdacs.org/gdacsapi/api/polygons/getgeometry?eventtype=FL&eventid=1102288&episodeid=1,https://www.gdacs.org/report.aspx?eventid=1102288&episodeid=1&eventtype=FL,https://www.gdacs.org/gdacsapi/api/events/geteventdata?eventtype=FL&eventid=1102288,"{'type': 'Point', 'coordinates': [38.4313975, 1.4419683]}"
329,Processed,335.6008,585.46,685.3412,12423.6844,FL-1102308,AF020M,Ethiopia,ETH,1102308,Orange,2,2023-11-01T01:00:00,2023-12-06T01:00:00,https://www.gdacs.org/gdacsapi/api/polygons/getgeometry?eventtype=FL&eventid=1102308&episodeid=1,https://www.gdacs.org/report.aspx?eventid=1102308&episodeid=1&eventtype=FL,https://www.gdacs.org/gdacsapi/api/events/geteventdata?eventtype=FL&eventid=1102308,"{'type': 'Point', 'coordinates': [43.5360531, 7.2629844]}"
330,Processed,9.8148,21.1148,7.654,48.47,FL-1102434,AF020M,Kenya,KEN,1102434,Green,1,2024-01-12T01:00:00,2024-01-14T01:00:00,https://www.gdacs.org/gdacsapi/api/polygons/getgeometry?eventtype=FL&eventid=1102434&episodeid=1,https://www.gdacs.org/report.aspx?eventid=1102434&episodeid=1&eventtype=FL,https://www.gdacs.org/gdacsapi/api/events/geteventdata?eventtype=FL&eventid=1102434,"{'type': 'Point', 'coordinates': [36.95907, -1.474564]}"
331,Processed,28.5604,52.056,84.5656,2082.892,FL-1102482,AF020M,Kenya,KEN,1102482,Green,1,2024-02-17T01:00:00,2024-02-19T01:00:00,https://www.gdacs.org/gdacsapi/api/polygons/getgeometry?eventtype=FL&eventid=1102482&episodeid=1,https://www.gdacs.org/report.aspx?eventid=1102482&episodeid=1&eventtype=FL,https://www.gdacs.org/gdacsapi/api/events/geteventdata?eventtype=FL&eventid=1102482,"{'type': 'Point', 'coordinates': [35.2715481, 0.5198329]}"
332,Processed,0.0,0.1504,0.0,66.4564,FL-1102545,AF020M,Djibouti,DJI,1102545,Green,1,2024-03-25T01:00:00,2024-03-27T01:00:00,https://www.gdacs.org/gdacsapi/api/polygons/getgeometry?eventtype=FL&eventid=1102545&episodeid=1,https://www.gdacs.org/report.aspx?eventid=1102545&episodeid=1&eventtype=FL,https://www.gdacs.org/gdacsapi/api/events/geteventdata?eventtype=FL&eventid=1102545,"{'type': 'Point', 'coordinates': [43.1377087, 11.5655438]}"
333,Processed,0.5532,12.326,4.328,94.8316,FL-1102540,AF020M,Kenya,KEN,1102540,Green,1,2024-03-23T01:00:00,2024-03-27T01:00:00,https://www.gdacs.org/gdacsapi/api/polygons/getgeometry?eventtype=FL&eventid=1102540&episodeid=1,https://www.gdacs.org/report.aspx?eventid=1102540&episodeid=1&eventtype=FL,https://www.gdacs.org/gdacsapi/api/events/geteventdata?eventtype=FL&eventid=1102540,"{'type': 'Point', 'coordinates': [36.8172449, -1.2832533]}"
334,Processed,14.5168,21.6356,20.6752,64.8708,FL-1102604,AF020M,Kenya,KEN,1102604,Orange,2,2024-04-12T18:00:00,2024-05-06T18:00:00,https://www.gdacs.org/gdacsapi/api/polygons/getgeometry?eventtype=FL&eventid=1102604&episodeid=1,https://www.gdacs.org/report.aspx?eventid=1102604&episodeid=1&eventtype=FL,https://www.gdacs.org/gdacsapi/api/events/geteventdata?eventtype=FL&eventid=1102604,"{'type': 'Point', 'coordinates': [36.8172449, -1.2832533]}"
335,Processed,298.92,571.1272,347.166,711.0028,FL-1102637,AF020M,Ethiopia,ETH,1102637,Orange,2,2024-04-29T01:00:00,2024-05-01T01:00:00,https://www.gdacs.org/gdacsapi/api/polygons/getgeometry?eventtype=FL&eventid=1102637&episodeid=1,https://www.gdacs.org/report.aspx?eventid=1102637&episodeid=1&eventtype=FL,https://www.gdacs.org/gdacsapi/api/events/geteventdata?eventtype=FL&eventid=1102637,"{'type': 'Point', 'coordinates': [35.8239985, 8.9901969]}"
336,Processed,25.766,42.8268,33.722,623.5848,FL-1102588,AF020M,Somalia,SOM,1102588,Green,1,2024-04-19T01:00:00,2024-04-21T01:00:00,https://www.gdacs.org/gdacsapi/api/polygons/getgeometry?eventtype=FL&eventid=1102588&episodeid=1,https://www.gdacs.org/report.aspx?eventid=1102588&episodeid=1&eventtype=FL,https://www.gdacs.org/gdacsapi/api/events/geteventdata?eventtype=FL&eventid=1102588,"{'type': 'Point', 'coordinates': [45.0134007, 10.4386215]}"
337,Processed,631.712,1391.5836,233.5656,6228.8776,FL-1102625,AF020M,Sudan,SDN,1102625,Green,1,2024-04-11T01:00:00,2024-04-13T01:00:00,https://www.gdacs.org/gdacsapi/api/polygons/getgeometry?eventtype=FL&eventid=1102625&episodeid=1,https://www.gdacs.org/report.aspx?eventid=1102625&episodeid=1&eventtype=FL,https://www.gdacs.org/gdacsapi/api/events/geteventdata?eventtype=FL&eventid=1102625,"{'type': 'Point', 'coordinates': [29.6667897, 7.8699431]}"
338,Processed,1.3036,5.0864,2.2892,398.7324,FL-1102561,AF020M,Kenya,KEN,1102561,Green,1,2024-04-08T01:00:00,2024-04-10T01:00:00,https://www.gdacs.org/gdacsapi/api/polygons/getgeometry?eventtype=FL&eventid=1102561&episodeid=1,https://www.gdacs.org/report.aspx?eventid=1102561&episodeid=1&eventtype=FL,https://www.gdacs.org/gdacsapi/api/events/geteventdata?eventtype=FL&eventid=1102561,"{'type': 'Point', 'coordinates': [39.5508374053122, -1.53651195]}"
339,Processed,775.4936,331.0308,999.8176,5237.1816,FL-1102791,AF020M,Sudan,SDN,1102791,Green,1,2024-07-23T01:00:00,2024-07-25T01:00:00,https://www.gdacs.org/gdacsapi/api/polygons/getgeometry?eventtype=FL&eventid=1102791&episodeid=1,https://www.gdacs.org/report.aspx?eventid=1102791&episodeid=1&eventtype=FL,https://www.gdacs.org/gdacsapi/api/events/geteventdata?eventtype=FL&eventid=1102791,"{'type': 'Point', 'coordinates': [36.0181112, 16.0431989]}"
340,Processed,69.0096,216.8648,97.1836,6376.4516,FL-1102766,AF020M,Sudan,SDN,1102766,Green,1,2024-07-10T01:00:00,2024-07-12T01:00:00,https://www.gdacs.org/gdacsapi/api/polygons/getgeometry?eventtype=FL&eventid=1102766&episodeid=1,https://www.gdacs.org/report.aspx?eventid=1102766&episodeid=1&eventtype=FL,https://www.gdacs.org/gdacsapi/api/events/geteventdata?eventtype=FL&eventid=1102766,"{'type': 'Point', 'coordinates': [36.1365693, 15.8099977]}"
341,Processed,42.8088,42.9292,69.3412,917.0508,FL-1102867,AF020M,Djibouti,DJI,1102867,Green,1,2024-08-31T01:00:00,2024-09-02T01:00:00,https://www.gdacs.org/gdacsapi/api/polygons/getgeometry?eventtype=FL&eventid=1102867&episodeid=1,https://www.gdacs.org/report.aspx?eventid=1102867&episodeid=1&eventtype=FL,https://www.gdacs.org/gdacsapi/api/events/geteventdata?eventtype=FL&eventid=1102867,"{'type': 'Point', 'coordinates': [42.8453061, 11.8145966]}"
342,Processed,20.1152,41.952,20.594,786.766,FL-1102854,AF020M,Sudan,SDN,1102854,Green,1,2024-08-25T01:00:00,2024-08-26T01:00:00,https://www.gdacs.org/gdacsapi/api/polygons/getgeometry?eventtype=FL&eventid=1102854&episodeid=1,https://www.gdacs.org/report.aspx?eventid=1102854&episodeid=1&eventtype=FL,https://www.gdacs.org/gdacsapi/api/events/geteventdata?eventtype=FL&eventid=1102854,"{'type': 'Point', 'coordinates': [37.7339322, 18.4303582]}"
343,Processed,77.914,694.0776,85.3024,329.2836,FL-1102815,AF020M,Sudan,SDN,1102815,Orange,2,2024-08-03T01:00:00,2024-08-05T01:00:00,https://www.gdacs.org/gdacsapi/api/polygons/getgeometry?eventtype=FL&eventid=1102815&episodeid=1,https://www.gdacs.org/report.aspx?eventid=1102815&episodeid=1&eventtype=FL,https://www.gdacs.org/gdacsapi/api/events/geteventdata?eventtype=FL&eventid=1102815,"{'type': 'Point', 'coordinates': [33.820323725, 8.7912006]}"
344,Processed,0.7208,5.6308,0.3924,32.5784,FL-1102868,AF020M,Kenya,KEN,1102868,Green,1,2024-09-03T01:00:00,2024-09-06T01:00:00,https://www.gdacs.org/gdacsapi/api/polygons/getgeometry?eventtype=FL&eventid=1102868&episodeid=1,https://www.gdacs.org/report.aspx?eventid=1102868&episodeid=1&eventtype=FL,https://www.gdacs.org/gdacsapi/api/events/geteventdata?eventtype=FL&eventid=1102868,"{'type': 'Point', 'coordinates': [36.2439463, 0.0760497]}"
345,Processed,2.5176,19.7052,1.8508,10.8764,FL-1103030,AF020M,Kenya,KEN,1103030,Green,1,2024-11-26T01:00:00,2024-11-28T01:00:00,https://www.gdacs.org/gdacsapi/api/polygons/getgeometry?eventtype=FL&eventid=1103030&episodeid=1,https://www.gdacs.org/report.aspx?eventid=1103030&episodeid=1&eventtype=FL,https://www.gdacs.org/gdacsapi/api/events/geteventdata?eventtype=FL&eventid=1103030,"{'type': 'Point', 'coordinates': [34.318781855908, -0.56396015]}"
346,Processed,3.0584,8.2904,2.5884,44.1028,FL-1103056,AF020M,Kenya,KEN,1103056,Green,1,2024-12-19T01:00:00,2024-12-21T01:00:00,https://www.gdacs.org/gdacsapi/api/polygons/getgeometry?eventtype=FL&eventid=1103056&episodeid=1,https://www.gdacs.org/report.aspx?eventid=1103056&episodeid=1&eventtype=FL,https://www.gdacs.org/gdacsapi/api/events/geteventdata?eventtype=FL&eventid=1103056,"{'type': 'Point', 'coordinates': [36.8431311631108, -1.03639505]}"
347,Processed,0.336,8.43,0.0376,1.0964,FL-1103167,AF020M,Kenya,KEN,1103167,Green,1,2025-03-12T01:00:00,2025-03-14T01:00:00,https://www.gdacs.org/gdacsapi/api/polygons/getgeometry?eventtype=FL&eventid=1103167&episodeid=1,https://www.gdacs.org/report.aspx?eventid=1103167&episodeid=1&eventtype=FL,https://www.gdacs.org/gdacsapi/api/events/geteventdata?eventtype=FL&eventid=1103167,"{'type': 'Point', 'coordinates': [34.6156614637133, -0.3939448]}"
348,Processed,41.678,127.3832,113.6292,2400.0136,FL-1103225,AF020M,Kenya,KEN,1103225,Green,1,2025-04-18T01:00:00,2025-04-24T01:00:00,https://www.gdacs.org/gdacsapi/api/polygons/getgeometry?eventtype=FL&eventid=1103225&episodeid=3,https://www.gdacs.org/report.aspx?eventid=1103225&episodeid=3&eventtype=FL,https://www.gdacs.org/gdacsapi/api/events/geteventdata?eventtype=FL&eventid=1103225,"{'type': 'Point', 'coordinates': [36.8172449, -1.2832533]}"
349,Processed,23.38,100.1416,25.3636,1634.7944,FL-1103249,AF020M,Somalia,SOM,1103249,Green,1,2025-04-15T01:00:00,2025-04-17T01:00:00,https://www.gdacs.org/gdacsapi/api/polygons/getgeometry?eventtype=FL&eventid=1103249&episodeid=1,https://www.gdacs.org/report.aspx?eventid=1103249&episodeid=1&eventtype=FL,https://www.gdacs.org/gdacsapi/api/events/geteventdata?eventtype=FL&eventid=1103249,"{'type': 'Point', 'coordinates': [43.5840092302083, 3.15499995]}"
350,Processed,12.284,105.7712,9.5128,51.3092,FL-1103273,AF020M,Kenya,KEN,1103273,Green,1,2025-05-12T01:00:00,2025-05-27T01:00:00,https://www.gdacs.org/gdacsapi/api/polygons/getgeometry?eventtype=FL&eventid=1103273&episodeid=1,https://www.gdacs.org/report.aspx?eventid=1103273&episodeid=1&eventtype=FL,https://www.gdacs.org/gdacsapi/api/events/geteventdata?eventtype=FL&eventid=1103273,"{'type': 'Point', 'coordinates': [34.6020862936909, -0.3882116]}"
351,Processed,21.8028,80.3928,22.3068,614.2912,FL-1103268,AF020M,Somalia,SOM,1103268,Green,1,2025-05-08T01:00:00,2025-05-15T01:00:00,https://www.gdacs.org/gdacsapi/api/polygons/getgeometry?eventtype=FL&eventid=1103268&episodeid=2,https://www.gdacs.org/report.aspx?eventid=1103268&episodeid=2&eventtype=FL,https://www.gdacs.org/gdacsapi/api/events/geteventdata?eventtype=FL&eventid=1103268,"{'type': 'Point', 'coordinates': [45.3879323, 2.3592887]}"
352,Processed,1000.6984,2883.0832,832.8504,1422.7052,FL-1103506,AF020M,South Sudan,SSD,1103506,Orange,2,2025-07-15T01:00:00,2025-09-19T01:00:00,https://www.gdacs.org/gdacsapi/api/polygons/getgeometry?eventtype=FL&eventid=1103506&episodeid=1,https://www.gdacs.org/report.aspx?eventid=1103506&episodeid=1&eventtype=FL,https://www.gdacs.org/gdacsapi/api/events/geteventdata?eventtype=FL&eventid=1103506,"{'type': 'Point', 'coordinates': [33.0, 9.0]}"
353,Processed,119.6592,828.9516,94.258,364.0836,FL-1103419,AF020M,Sudan,SDN,1103419,Green,1,2025-08-01T01:00:00,2025-08-03T01:00:00,https://www.gdacs.org/gdacsapi/api/polygons/getgeometry?eventtype=FL&eventid=1103419&episodeid=1,https://www.gdacs.org/report.aspx?eventid=1103419&episodeid=1&eventtype=FL,https://www.gdacs.org/gdacsapi/api/events/geteventdata?eventtype=FL&eventid=1103419,"{'type': 'Point', 'coordinates': [34.122894, 11.9566972]}"
354,Processed,415.6236,1113.8556,17.1808,2912.3268,FL-1103392,AF020M,Sudan,SDN,1103392,Green,1,2025-07-14T01:00:00,2025-07-18T01:00:00,https://www.gdacs.org/gdacsapi/api/polygons/getgeometry?eventtype=FL&eventid=1103392&episodeid=1,https://www.gdacs.org/report.aspx?eventid=1103392&episodeid=1&eventtype=FL,https://www.gdacs.org/gdacsapi/api/events/geteventdata?eventtype=FL&eventid=1103392,"{'type': 'Point', 'coordinates': [26.0, 16.0]}"
355,Processed,122.5836,1099.7012,131.7896,2434.0128,FL-1103454,AF020M,Sudan,SDN,1103454,Green,1,2025-08-17T01:00:00,2025-09-13T01:00:00,https://www.gdacs.org/gdacsapi/api/polygons/getgeometry?eventtype=FL&eventid=1103454&episodeid=10,https://www.gdacs.org/report.aspx?eventid=1103454&episodeid=10&eventtype=FL,https://www.gdacs.org/gdacsapi/api/events/geteventdata?eventtype=FL&eventid=1103454,"{'type': 'Point', 'coordinates': [32.5829636, 15.7627399]}"
356,Processed,20.8996,39.4504,20.498,426.8668,FL-1103476,AF020M,Kenya,KEN,1103476,Green,1,2025-08-26T01:00:00,2025-08-28T01:00:00,https://www.gdacs.org/gdacsapi/api/polygons/getgeometry?eventtype=FL&eventid=1103476&episodeid=1,https://www.gdacs.org/report.aspx?eventid=1103476&episodeid=1&eventtype=FL,https://www.gdacs.org/gdacsapi/api/events/geteventdata?eventtype=FL&eventid=1103476,"{'type': 'Point', 'coordinates': [35.7980348, 0.7686729]}"
357,Processed,2.6472,19.6756,0.7716,36.3056,FL-1103460,AF020M,Kenya,KEN,1103460,Green,1,2025-08-15T01:00:00,2025-08-17T01:00:00,https://www.gdacs.org/gdacsapi/api/polygons/getgeometry?eventtype=FL&eventid=1103460&episodeid=1,https://www.gdacs.org/report.aspx?eventid=1103460&episodeid=1&eventtype=FL,https://www.gdacs.org/gdacsapi/api/events/geteventdata?eventtype=FL&eventid=1103460,"{'type': 'Point', 'coordinates': [36.3648773, -0.8870395]}"
358,Processed,75.6836,200.7404,133.6036,242.3528,FL-1103456,AF020M,Ethiopia,ETH,1103456,Green,1,2025-08-03T01:00:00,2025-08-14T01:00:00,https://www.gdacs.org/gdacsapi/api/polygons/getgeometry?eventtype=FL&eventid=1103456&episodeid=1,https://www.gdacs.org/report.aspx?eventid=1103456&episodeid=1&eventtype=FL,https://www.gdacs.org/gdacsapi/api/events/geteventdata?eventtype=FL&eventid=1103456,"{'type': 'Point', 'coordinates': [38.1699398023239, 8.6320905]}"
359,Processed,106.9044,288.3568,107.2332,10567.4124,FL-1103589,AF020M,Kenya,KEN,1103589,Green,1,2025-10-28T01:00:00,2025-11-07T12:00:00,https://www.gdacs.org/gdacsapi/api/polygons/getgeometry?eventtype=FL&eventid=1103589&episodeid=4,https://www.gdacs.org/report.aspx?eventid=1103589&episodeid=4&eventtype=FL,https://www.gdacs.org/gdacsapi/api/events/geteventdata?eventtype=FL&eventid=1103589,"{'type': 'Point', 'coordinates': [34.979044, 1.0454582]}"
360,Processed,0.0724,2.2372,0.0,2.53,FL-1103577,AF020M,Sudan,SDN,1103577,Green,1,2025-10-25T01:00:00,2025-10-27T01:00:00,https://www.gdacs.org/gdacsapi/api/polygons/getgeometry?eventtype=FL&eventid=1103577&episodeid=1,https://www.gdacs.org/report.aspx?eventid=1103577&episodeid=1&eventtype=FL,https://www.gdacs.org/gdacsapi/api/events/geteventdata?eventtype=FL&eventid=1103577,"{'type': 'Point', 'coordinates': [30.6397248, 12.7234142]}"
361,Processed,9.4636,466.0344,0.6296,124.9808,FL-1103775,AF020M,Kenya,KEN,1103775,Green,1,2026-02-17T01:00:00,2026-02-19T01:00:00,https://www.gdacs.org/gdacsapi/api/polygons/getgeometry?eventtype=FL&eventid=1103775&episodeid=1,https://www.gdacs.org/report.aspx?eventid=1103775&episodeid=1&eventtype=FL,https://www.gdacs.org/gdacsapi/api/events/geteventdata?eventtype=FL&eventid=1103775,"{'type': 'Point', 'coordinates': [36.9915483, -1.2689967]}"
